Rk,Player,Nation,Pos,Squad,Age,Born,90s,Gls,Sh,SoT,SoT%,Sh/90,SoT/90,G/Sh,G/SoT,Dist,FK,PK,PKatt,xG,npxG,npxG/Sh,G-xG,np:G-xG,Matches,-9999
1,Max Aarons,eng ENG,DF,Norwich City,21,2000,32.0,0.00,0.41,0.06,15.4,0.41,0.06,0.00,0.00,20.5,0.00,0.00,0.00,0.02,0.02,0.05,-0.02,-0.02,Matches,774cf58b
2,Che Adams,sct SCO,FW,Southampton,25,1996,22.7,0.31,2.16,01.06,49.0,2.16,01.06,0.14,0.29,12.9,0.00,0.00,0.00,0.31,0.31,0.14,-0.00,-0.00,Matches,f2bf1b0f
3,Rayan Aït Nouri,fr FRA,DF,Wolves,20,2001,20.3,0.05,0.64,0.20,30.8,0.64,0.20,0.08,0.25,16.9,0.00,0.00,0.00,0.03,0.03,0.06,0.01,0.01,Matches,9b398aea
4,Kristoffer Ajer,no NOR,DF,Brentford,23,1998,22.2,0.05,0.32,0.05,14.3,0.32,0.05,0.14,1.00,9.1,0.00,0.00,0.00,0.04,0.04,0.11,0.01,0.01,Matches,a8c0acb7
5,Nathan Aké,nl NED,DF,Manchester City,26,1995,10.3,0.19,0.49,0.19,40.0,0.49,0.20,0.40,1.00,5.8,0.00,0.00,0.00,0.11,0.11,0.23,0.09,0.09,Matches,eaeca114
6,Marc Albrighton,eng ENG,FWDF,Leicester City,31,1989,12.6,0.08,0.32,0.08,25.0,0.32,0.08,0.25,1.00,16.7,0.00,0.00,0.00,0.04,0.04,0.13,0.04,0.04,Matches,b827d5b3
7,Thiago Alcántara,es ESP,MF,Liverpool,30,1991,17.0,0.06,1.47,0.35,24.0,1.47,0.35,0.04,0.17,18.2,0.00,0.00,0.00,0.11,0.11,0.08,-0.05,-0.05,Matches,77e84962
8,Trent Alexander-Arnold,eng ENG,DF,Liverpool,22,1998,31.7,0.06,1.61,0.44,27.5,1.61,0.44,0.04,0.14,23.0,0.16,0.00,0.00,0.09,0.09,0.05,-0.02,-0.02,Matches,cd1acf9d
9,Alisson,br BRA,GK,Liverpool,28,1992,36.0,0.00,0.00,0.00,,0.00,0.00,,,,0.00,0.00,0.00,0.00,0.00,,0.00,0.00,Matches,7a2e46a8
10,Allan,br BRA,MF,Everton,30,1991,24.3,0.00,0.29,0.12,42.9,0.29,0.12,0.00,0.00,24.1,0.00,0.00,0.00,0.01,0.01,0.03,-0.01,-0.01,Matches,cc700722
11,Dele Alli,eng ENG,MFFW,Tottenham,25,1996,7.3,0.14,0.55,0.27,50.0,0.55,0.27,0.00,0.00,18.2,0.00,0.14,0.14,0.21,0.10,0.18,-0.07,-0.10,Matches,cea4ee8f
12,Dele Alli,eng ENG,MF,Everton,25,1996,3.8,0.00,0.79,0.00,0.0,0.80,0.00,0.00,,19.3,0.00,0.00,0.00,0.03,0.03,0.03,-0.03,-0.03,Matches,cea4ee8f
13,Miguel Almirón,py PAR,MFFW,Newcastle Utd,27,1994,19.1,0.05,1.68,0.37,21.9,1.68,0.37,0.03,0.14,18.7,0.00,0.00,0.00,0.11,0.11,0.06,-0.06,-0.06,Matches,862a1c15
14,Marcos Alonso,es ESP,DF,Chelsea,30,1990,24.1,0.17,1.78,0.41,23.3,1.79,0.42,0.09,0.40,18.9,0.37,0.00,0.00,0.14,0.14,0.08,0.03,0.03,Matches,f4290206
15,Steven Alzate,co COL,MF,Brighton,22,1998,4.5,0.00,0.22,0.22,100.0,0.22,0.22,0.00,0.00,18.4,0.00,0.00,0.00,0.02,0.02,0.07,-0.02,-0.02,Matches,ad1f61f3
16,Daniel Amartey,gh GHA,DF,Leicester City,26,1994,23.6,0.00,0.08,0.04,50.0,0.08,0.04,0.00,0.00,32.1,0.00,0.00,0.00,0.00,0.00,0.02,0.00,0.00,Matches,1a4ef233
17,Joachim Andersen,dk DEN,DF,Crystal Palace,25,1996,32.4,0.00,0.25,0.09,37.5,0.25,0.09,0.00,0.00,14.0,0.03,0.00,0.00,0.02,0.02,0.07,-0.02,-0.02,Matches,e34fc66d
18,Michail Antonio,jm JAM,FW,West Ham,31,1990,33.0,0.30,2.52,0.82,32.5,2.51,0.82,0.12,0.37,14.3,0.00,0.00,0.03,0.34,0.33,0.13,-0.03,-0.02,Matches,ac05f970
19,Cameron Archer,eng ENG,MFFW,Aston Villa,19,2001,0.3,0.00,3.33,0.00,0.0,3.33,0.00,0.00,,13.0,0.00,0.00,0.00,0.00,0.00,0.02,0.00,0.00,Matches,05e8ca6d
20,Alphonse Areola,fr FRA,GK,West Ham,28,1993,1.0,0.00,0.00,0.00,,0.00,0.00,,,,0.00,0.00,0.00,0.00,0.00,,0.00,0.00,Matches,2f965a72
21,Adam Armstrong,eng ENG,FW,Southampton,24,1997,15.7,0.13,2.99,0.89,29.8,2.99,0.89,0.04,0.14,17.0,0.00,0.00,0.00,0.27,0.27,0.09,-0.15,-0.15,Matches,68c720b5
22,Stuart Armstrong,sct SCO,MF,Southampton,29,1992,16.4,0.12,2.32,0.55,23.7,2.32,0.55,0.05,0.22,19.8,0.00,0.00,0.00,0.17,0.17,0.07,-0.05,-0.05,Matches,97333cf5
23,Kepa Arrizabalaga,es ESP,GK,Chelsea,26,1994,4.0,0.00,0.00,0.00,,0.00,0.00,,,,0.00,0.00,0.00,0.00,0.00,,0.00,0.00,Matches,28d596a0
24,Harrison Ashby,sct SCO,DF,West Ham,19,2001,0.1,0.00,0.00,0.00,,0.00,0.00,,,,0.00,0.00,0.00,0.00,0.00,,0.00,0.00,Matches,b391383a
25,Pierre-Emerick Aubameyang,ga GAB,FW,Arsenal,32,1989,11.5,0.35,2.87,1.39,48.5,2.86,1.39,0.12,0.25,14.2,0.00,0.00,0.17,0.50,0.36,0.13,-0.16,-0.01,Matches,d5dd5f1f
26,Jordan Ayew,gh GHA,FW,Crystal Palace,29,1991,22.4,0.13,1.56,0.36,22.9,1.56,0.36,0.09,0.38,16.4,0.04,0.00,0.00,0.17,0.17,0.11,-0.03,-0.03,Matches,da052c14
27,Luke Ayling,eng ENG,DF,Leeds United,29,1991,25.2,0.08,0.75,0.12,15.8,0.75,0.12,0.11,0.67,12.8,0.00,0.00,0.00,0.06,0.06,0.09,0.02,0.02,Matches,420d7c7d
28,César Azpilicueta,es ESP,DF,Chelsea,31,1989,23.0,0.04,0.57,0.17,30.8,0.57,0.17,0.08,0.25,13.6,0.00,0.00,0.00,0.05,0.05,0.09,-0.01,-0.01,Matches,53cad200
29,Daniel Bachmann,at AUT,GK,Watford,27,1994,12.0,0.00,0.00,0.00,,0.00,0.00,,,,0.00,0.00,0.00,0.00,0.00,,0.00,0.00,Matches,1c0eea98
30,Leon Bailey,jm JAM,FWMF,Aston Villa,23,1997,8.5,0.12,2.47,0.94,38.1,2.48,0.95,0.05,0.13,18.7,0.47,0.00,0.00,0.19,0.19,0.08,-0.07,-0.07,Matches,3a233281
31,Eric Bailly,ci CIV,DF,Manchester Utd,27,1994,2.4,0.00,0.00,0.00,,0.00,0.00,,,,0.00,0.00,0.00,0.00,0.00,,0.00,0.00,Matches,a1232f4e
32,Folarin Balogun,eng ENG,FW,Arsenal,20,2001,0.8,0.00,3.75,0.00,0.0,3.86,0.00,0.00,,14.0,0.00,0.00,0.00,0.37,0.37,0.09,-0.37,-0.37,Matches,31822f8c
33,Patrick Bamford,eng ENG,FW,Leeds United,27,1993,6.2,0.32,3.23,0.81,25.0,3.22,0.81,0.10,0.40,13.6,0.00,0.00,0.00,0.63,0.63,0.20,-0.31,-0.31,Matches,93feac6e
34,Shandon Baptiste,gd GRN,MF,Brentford,23,1998,10.1,0.10,1.19,0.40,33.3,1.19,0.40,0.08,0.25,18.9,0.00,0.00,0.00,0.07,0.07,0.06,0.03,0.03,Matches,2886c9b5
35,Ross Barkley,eng ENG,MF,Chelsea,27,1993,2.0,0.50,4.50,2.00,44.4,4.53,02.01,0.11,0.25,20.9,0.00,0.00,0.00,0.60,0.60,0.13,-0.10,-0.10,Matches,3a24769f
36,Ashley Barnes,eng ENG,FW,Burnley,31,1989,9.0,0.11,1.67,0.56,33.3,1.67,0.56,0.00,0.00,16.0,0.00,0.11,0.11,0.20,0.11,0.07,-0.09,-0.11,Matches,2691c772
37,Harvey Barnes,eng ENG,FWMF,Leicester City,23,1997,23.3,0.26,2.88,01.03,35.8,2.87,01.03,0.09,0.25,15.7,0.00,0.00,0.00,0.29,0.29,0.10,-0.03,-0.03,Matches,3ea50f67
38,Lewis Bate,eng ENG,MF,Leeds United,18,2002,1.6,0.00,0.63,0.00,0.0,0.62,0.00,0.00,,25.0,0.00,0.00,0.00,0.00,0.00,0.02,0.00,0.00,Matches,cd4256d3
39,Mads Bech Sørensen,dk DEN,DF,Brentford,22,1999,9.3,0.00,0.22,0.00,0.0,0.22,0.00,0.00,,10.5,0.00,0.00,0.00,0.01,0.01,0.04,-0.01,-0.01,Matches,30db8574
40,Jan Bednarek,pl POL,DF,Southampton,25,1996,29.2,0.14,0.65,0.24,36.8,0.65,0.24,0.21,0.57,7.9,0.00,0.00,0.00,0.08,0.08,0.13,0.05,0.05,Matches,4115ce4e
41,Donny van de Beek,nl NED,MF,Manchester Utd,24,1997,0.8,1.25,2.50,1.25,50.0,2.40,1.20,0.50,1.00,9.3,0.00,0.00,0.00,0.87,0.87,0.36,0.37,0.37,Matches,50dc94ce
42,Donny van de Beek,nl NED,MF,Everton,24,1997,5.4,0.19,0.93,0.19,20.0,0.93,0.19,0.20,1.00,19.4,0.00,0.00,0.00,0.17,0.17,0.18,0.02,0.02,Matches,50dc94ce
43,Asmir Begović,ba BIH,GK,Everton,34,1987,3.0,0.00,0.00,0.00,,0.00,0.00,,,,0.00,0.00,0.00,0.00,0.00,,0.00,0.00,Matches,7b4de647
44,Saïd Benrahma,dz ALG,FWMF,West Ham,25,1995,24.1,0.33,2.61,0.91,34.9,2.62,0.91,0.13,0.36,18.7,0.12,0.00,0.00,0.21,0.21,0.08,0.12,0.12,Matches,5a04fd92
45,Rodrigo Bentancur,uy URU,MF,Tottenham,24,1997,15.1,0.00,0.93,0.13,14.3,0.93,0.13,0.00,0.00,18.6,0.00,0.00,0.00,0.06,0.06,0.06,-0.06,-0.06,Matches,3b8674e6
46,Christian Benteke,be BEL,FW,Crystal Palace,30,1990,12.7,0.31,03.07,01.02,33.3,03.07,01.02,0.10,0.31,11.4,0.00,0.00,0.00,0.43,0.43,0.14,-0.11,-0.11,Matches,ab070c55
47,Jóhann Berg Guðmundsson,is ISL,MF,Burnley,30,1990,12.2,0.00,1.56,0.33,21.1,1.55,0.33,0.00,0.00,19.7,0.16,0.00,0.00,0.14,0.14,0.09,-0.14,-0.14,Matches,f72293fc
48,Steven Bergwijn,nl NED,FWMF,Tottenham,23,1997,6.3,0.48,03.02,1.59,52.6,03.03,1.59,0.16,0.30,15.9,0.00,0.00,0.00,0.49,0.49,0.16,-0.02,-0.02,Matches,a29b1131
49,Ryan Bertrand,eng ENG,DF,Leicester City,31,1989,3.7,0.00,0.00,0.00,,0.00,0.00,,,,0.00,0.00,0.00,0.00,0.00,,0.00,0.00,Matches,1226327
50,Mads Bidstrup,dk DEN,MF,Brentford,20,2001,0.5,0.00,0.00,0.00,,0.00,0.00,,,,0.00,0.00,0.00,0.00,0.00,,0.00,0.00,Matches,407db0d5
51,Yves Bissouma,ml MLI,MF,Brighton,24,1996,23.5,0.04,0.89,0.21,23.8,0.90,0.21,0.05,0.20,24.0,0.04,0.00,0.00,0.04,0.04,0.04,0.00,0.00,Matches,6c203af0
52,Willy Boly,ci CIV,DF,Wolves,30,1991,10.0,0.00,0.20,0.10,50.0,0.20,0.10,0.00,0.00,8.0,0.00,0.00,0.00,0.02,0.02,0.08,-0.02,-0.02,Matches,a4ac4b8f
53,Jarrod Bowen,eng ENG,FW,West Ham,24,1996,33.1,0.36,2.42,1.00,41.3,2.41,1.00,0.15,0.36,15.4,0.00,0.00,0.00,0.34,0.34,0.14,0.03,0.03,Matches,79c84d1c
54,Jarrad Branthwaite,eng ENG,DF,Everton,19,2002,4.3,0.23,0.70,0.47,66.7,0.70,0.46,0.33,0.50,12.7,0.00,0.00,0.00,0.09,0.09,0.14,0.14,0.14,Matches,c1949191
55,Armando Broja,al ALB,FW,Southampton,19,2001,21.9,0.27,2.19,0.87,39.6,2.19,0.87,0.13,0.32,12.1,0.00,0.00,0.00,0.32,0.32,0.15,-0.05,-0.05,Matches,97220da2
56,Josh Brownhill,eng ENG,MF,Burnley,25,1995,32.8,0.06,0.88,0.27,31.0,0.88,0.27,0.07,0.22,22.2,0.12,0.00,0.00,0.04,0.04,0.05,0.02,0.02,Matches,47369df8
57,Lewis Brunt,eng ENG,MF,Leicester City,20,2000,0.3,0.00,0.00,0.00,,0.00,0.00,,,,0.00,0.00,0.00,0.00,0.00,,0.00,0.00,Matches,a2081c6b
58,Bryan,es ESP,FWMF,Tottenham,20,2001,1.0,0.00,1.00,1.00,100.0,0.96,0.96,0.00,0.00,16.2,0.00,0.00,0.00,0.00,0.00,0.03,0.00,0.00,Matches,7b5ab7f2
59,Emi Buendía,ar ARG,FWMF,Aston Villa,24,1996,21.1,0.19,02.09,0.66,31.8,02.09,0.66,0.09,0.29,17.0,0.00,0.00,0.00,0.15,0.15,0.07,0.04,0.04,Matches,66b76d44
60,Dan Burn,eng ENG,DF,Newcastle Utd,29,1992,16.0,0.00,0.69,0.06,9.1,0.69,0.06,0.00,0.00,9.3,0.00,0.00,0.00,0.03,0.03,0.05,-0.03,-0.03,Matches,b2d31e83
61,Dan Burn,eng ENG,DF,Brighton,29,1992,11.4,0.09,0.61,0.26,42.9,0.62,0.26,0.14,0.33,7.4,0.00,0.00,0.00,0.11,0.11,0.18,-0.03,-0.03,Matches,b2d31e83
62,Jack Butland,eng ENG,GK,Crystal Palace,28,1993,8.5,0.00,0.00,0.00,,0.00,0.00,,,,0.00,0.00,0.00,0.00,0.00,,0.00,0.00,Matches,cc70a1d5
63,Sam Byram,eng ENG,DF,Norwich City,27,1993,11.4,0.00,0.61,0.09,14.3,0.61,0.09,0.00,0.00,8.9,0.00,0.00,0.00,0.08,0.08,0.13,-0.08,-0.08,Matches,1bf811d4
64,Willy Caballero,ar ARG,GK,Southampton,39,1981,2.0,0.00,0.00,0.00,,0.00,0.00,,,,0.00,0.00,0.00,0.00,0.00,,0.00,0.00,Matches,a179d516
65,Moisés Caicedo,ec ECU,MF,Brighton,19,2001,7.3,0.14,1.37,0.55,40.0,1.36,0.55,0.10,0.25,17.5,0.00,0.00,0.00,0.11,0.11,0.08,0.03,0.03,Matches,16264a81
66,Dominic Calvert-Lewin,eng ENG,FW,Everton,24,1997,14.3,0.35,2.10,0.77,36.7,2.10,0.77,0.10,0.27,13.1,0.00,0.14,0.21,0.48,0.32,0.15,-0.13,-0.11,Matches,59e6e5bf
67,Chem Campbell,wls WAL,MF,Wolves,18,2002,0.1,0.00,0.00,0.00,,0.00,0.00,,,,0.00,0.00,0.00,0.00,0.00,,0.00,0.00,Matches,6f711f67
68,João Cancelo,pt POR,DF,Manchester City,27,1994,35.9,0.03,2.26,0.64,28.4,2.26,0.64,0.01,0.04,21.5,0.03,0.00,0.00,0.11,0.11,0.05,-0.09,-0.09,Matches,bd6351cd
69,Sergi Canós,es ESP,DF,Brentford,24,1997,23.1,0.13,1.43,0.52,36.4,1.43,0.52,0.09,0.25,16.4,0.04,0.00,0.00,0.13,0.13,0.09,0.00,0.00,Matches,1137759d
70,Todd Cantwell,eng ENG,FWMF,Norwich City,23,1998,4.9,0.00,0.82,0.00,0.0,0.82,0.00,0.00,,28.8,0.00,0.00,0.00,0.04,0.04,0.04,-0.04,-0.04,Matches,f63d8a4b
71,Matty Cash,pl POL,DF,Aston Villa,23,1997,37.5,0.11,0.96,0.35,36.1,0.96,0.35,0.11,0.31,18.2,0.00,0.00,0.00,0.06,0.06,0.07,0.04,0.04,Matches,2389cdc2
72,Timothy Castagne,be BEL,DF,Leicester City,25,1995,23.6,0.04,0.30,0.13,42.9,0.30,0.13,0.14,0.33,14.5,0.00,0.00,0.00,0.03,0.03,0.11,0.01,0.01,Matches,197640fd
73,Jonny Castro,es ESP,DF,Wolves,27,1994,11.4,0.18,0.88,0.44,50.0,0.88,0.44,0.20,0.40,18.9,0.00,0.00,0.00,0.07,0.07,0.08,0.11,0.11,Matches,e28868f3
74,Craig Cathcart,nir NIR,DF,Watford,32,1989,26.6,0.00,0.11,0.00,0.0,0.11,0.00,0.00,,8.4,0.00,0.00,0.00,0.00,0.00,0.04,-0.00,-0.00,Matches,89e4b358
75,Edinson Cavani,uy URU,FW,Manchester Utd,34,1987,8.5,0.24,2.12,0.71,33.3,2.11,0.70,0.11,0.33,11.4,0.00,0.00,0.00,0.40,0.40,0.19,-0.16,-0.16,Matches,527f063d
76,Kayky Chagas,br BRA,FW,Manchester City,18,2003,0.1,0.00,0.00,0.00,,0.00,0.00,,,,0.00,0.00,0.00,0.00,0.00,,0.00,0.00,Matches,17734ea0
77,Trevoh Chalobah,eng ENG,DF,Chelsea,22,1999,16.1,0.19,0.56,0.43,77.8,0.56,0.43,0.33,0.43,18.4,0.00,0.00,0.00,0.06,0.06,0.11,0.12,0.12,Matches,5515376c
78,Calum Chambers,eng ENG,DF,Arsenal,26,1995,1.9,0.00,01.05,0.00,0.0,01.06,0.00,0.00,,20.3,0.00,0.00,0.00,0.05,0.05,0.04,-0.05,-0.05,Matches,dc6f5bdd
79,Calum Chambers,eng ENG,DF,Aston Villa,26,1995,9.2,0.11,0.33,0.11,33.3,0.32,0.11,0.33,1.00,14.7,0.00,0.00,0.00,0.02,0.02,0.08,0.09,0.09,Matches,dc6f5bdd
80,Daniel Chesters,eng ENG,MF,West Ham,19,2002,0.0,0,0,0,,0.00,0.00,,,,0,0,0,0.0,0.0,,0.0,0.0,Matches,240c8ab6
81,Ben Chilwell,eng ENG,DF,Chelsea,24,1996,6.0,0.50,2.17,1.00,46.2,2.16,1.00,0.23,0.50,17.9,0.00,0.00,0.00,0.20,0.20,0.09,0.30,0.30,Matches,d2424d1b
82,Chiquinho,pt POR,DFMF,Wolves,21,2000,2.3,0.00,2.17,0.87,40.0,2.16,0.87,0.00,0.00,11.1,0.00,0.00,0.00,0.13,0.13,0.06,-0.13,-0.13,Matches,dc6c2f02
83,Hamza Choudhury,eng ENG,DFMF,Leicester City,23,1997,3.2,0.00,0.31,0.00,0.0,0.32,0.00,0.00,,12.8,0.00,0.00,0.00,0.00,0.00,0.02,0.00,0.00,Matches,7d2d3329
84,Andreas Christensen,dk DEN,DF,Chelsea,25,1996,16.6,0.00,0.30,0.00,0.0,0.30,0.00,0.00,,19.6,0.00,0.00,0.00,0.02,0.02,0.08,-0.02,-0.02,Matches,1cb49278
85,Carney Chukwuemeka,eng ENG,MFFW,Aston Villa,17,2004,3.3,0.00,1.21,0.30,25.0,1.20,0.30,0.00,0.00,15.9,0.00,0.00,0.00,0.18,0.18,0.14,-0.18,-0.18,Matches,b2f9c73e
86,Ciaran Clark,ie IRL,DF,Newcastle Utd,31,1989,11.3,0.00,0.62,0.09,14.3,0.62,0.09,0.00,0.00,7.0,0.00,0.00,0.00,0.07,0.07,0.11,-0.07,-0.07,Matches,2b91cf8e
87,Tom Cleverley,eng ENG,MF,Watford,31,1989,18.0,0.00,0.72,0.39,53.8,0.72,0.39,0.00,0.00,23.1,0.00,0.00,0.00,0.04,0.04,0.06,-0.04,-0.04,Matches,6cdd8245
88,Nathaniel Clyne,eng ENG,DF,Crystal Palace,30,1991,15.0,0.00,0.20,0.13,66.7,0.20,0.13,0.00,0.00,24.5,0.00,0.00,0.00,0.01,0.01,0.04,-0.01,-0.01,Matches,0442183b
89,Conor Coady,eng ENG,DF,Wolves,28,1993,37.3,0.11,0.32,0.11,33.3,0.32,0.11,0.33,1.00,11.7,0.00,0.00,0.00,0.05,0.05,0.16,0.05,0.05,Matches,2928dca2
90,Séamus Coleman,ie IRL,DF,Everton,32,1988,29.5,0.03,0.27,0.03,12.5,0.27,0.03,0.13,1.00,17.2,0.00,0.00,0.00,0.03,0.03,0.12,0.00,0.00,Matches,0420d84f
91,Nathan Collins,ie IRL,DF,Burnley,20,2001,18.6,0.11,0.81,0.27,33.3,0.81,0.27,0.13,0.40,8.4,0.00,0.00,0.00,0.09,0.09,0.10,0.02,0.02,Matches,a8c19eb8
92,Aaron Connolly,ie IRL,FW,Brighton,21,2000,1.7,0.00,1.18,0.00,0.0,1.15,0.00,0.00,,14.9,0.00,0.00,0.00,0.29,0.29,0.23,-0.29,-0.29,Matches,27c01749
93,Liam Cooper,sct SCO,DF,Leeds United,29,1991,20.2,0.00,0.25,0.05,20.0,0.25,0.05,0.00,0.00,10.2,0.00,0.00,0.00,0.01,0.01,0.06,-0.01,-0.01,Matches,dc64b8b3
94,Jack Cork,eng ENG,MF,Burnley,32,1989,18.6,0.05,0.38,0.05,14.3,0.38,0.05,0.14,1.00,17.4,0.00,0.00,0.00,0.04,0.04,0.11,0.01,0.01,Matches,74e12f1e
95,Maxwel Cornet,ci CIV,FWMF,Burnley,24,1996,19.6,0.46,2.35,1.12,47.8,2.34,1.12,0.20,0.41,16.6,0.20,0.00,0.05,0.34,0.30,0.13,0.12,0.16,Matches,beb391dd
96,Hélder Costa,ao ANG,MF,Leeds United,27,1994,0.2,0.00,5.00,0.00,0.0,04.09,0.00,0.00,,22.4,0.00,0.00,0.00,0.00,0.00,0.03,0.00,0.00,Matches,f13d02a6
97,Vladimír Coufal,cz CZE,DF,West Ham,28,1992,24.5,0.00,0.45,0.16,36.4,0.45,0.16,0.00,0.00,17.0,0.00,0.00,0.00,0.02,0.02,0.06,-0.02,-0.02,Matches,fdf3cb77
98,Philippe Coutinho,br BRA,MFFW,Aston Villa,29,1992,14.8,0.34,2.91,01.08,37.2,2.91,01.08,0.12,0.31,20.6,0.34,0.00,0.00,0.25,0.25,0.09,0.09,0.09,Matches,0ef89a37
99,Aaron Cresswell,eng ENG,DF,West Ham,31,1989,30.3,0.07,0.59,0.10,16.7,0.59,0.10,0.11,0.67,19.9,0.26,0.00,0.00,0.04,0.04,0.06,0.03,0.03,Matches,4f974391
100,Charlie Cresswell,eng ENG,DF,Leeds United,18,2002,1.6,0.00,0.63,0.00,0.0,0.64,0.00,0.00,,10.0,0.00,0.00,0.00,0.06,0.06,0.08,-0.06,-0.06,Matches,4654e5f5
101,Cucho,co COL,FWMF,Watford,22,1999,12.7,0.39,2.76,0.79,28.6,2.75,0.78,0.14,0.50,18.7,0.39,0.00,0.00,0.20,0.20,0.07,0.20,0.20,Matches,71b47ab9
102,Marc Cucurella,es ESP,DF,Brighton,23,1998,34.3,0.03,0.52,0.09,16.7,0.52,0.09,0.06,0.33,20.9,0.00,0.00,0.00,0.02,0.02,0.04,0.01,0.01,Matches,1daec722
103,Luke Cundle,eng ENG,MF,Wolves,19,2002,2.0,0.00,0.00,0.00,,0.00,0.00,,,,0.00,0.00,0.00,0.00,0.00,,0.00,0.00,Matches,cc3b8e78
104,Patson Daka,zm ZAM,FW,Leicester City,22,1998,12.9,0.39,02.02,1.16,57.7,02.02,1.16,0.19,0.33,15.4,0.00,0.00,0.00,0.36,0.36,0.18,0.02,0.02,Matches,ca45605e
105,Stuart Dallas,nir NIR,DFMF,Leeds United,30,1991,32.4,0.03,0.96,0.25,25.8,0.96,0.25,0.03,0.13,21.1,0.00,0.00,0.00,0.06,0.06,0.06,-0.03,-0.03,Matches,67ca8566
106,Diogo Dalot,pt POR,DF,Manchester Utd,22,1999,20.0,0.00,0.65,0.20,30.8,0.65,0.20,0.00,0.00,21.2,0.00,0.00,0.00,0.03,0.03,0.05,-0.03,-0.03,Matches,d9565625
107,Karl Darlow,eng ENG,GK,Newcastle Utd,30,1990,8.0,0.00,0.00,0.00,,0.00,0.00,,,,0.00,0.00,0.00,0.00,0.00,,0.00,0.00,Matches,cde3309f
108,Josh Dasilva,eng ENG,MFFW,Brentford,22,1998,2.9,0.00,0.34,0.00,0.0,0.35,0.00,0.00,,14.2,0.00,0.00,0.00,0.00,0.00,0.05,0.00,0.00,Matches,60344e4f
109,Ben Davies,wls WAL,DF,Tottenham,28,1993,28.2,0.04,0.67,0.25,36.8,0.67,0.25,0.05,0.14,16.3,0.00,0.00,0.00,0.06,0.06,0.09,-0.03,-0.03,Matches,44781702
110,Tom Davies,eng ENG,MF,Everton,23,1998,2.6,0.38,2.31,0.77,33.3,2.31,0.77,0.17,0.50,16.4,0.00,0.00,0.00,0.35,0.35,0.15,0.04,0.04,Matches,9228b07c
111,Keinan Davis,eng ENG,FW,Aston Villa,23,1998,0.1,0.00,0.00,0.00,,0.00,0.00,,,,0.00,0.00,0.00,0.00,0.00,,0.00,0.00,Matches,9deaf2c8
112,Craig Dawson,eng ENG,DF,West Ham,31,1990,30.6,0.07,0.82,0.16,20.0,0.82,0.16,0.08,0.40,7.7,0.00,0.00,0.00,0.09,0.09,0.12,-0.03,-0.03,Matches,3e9e06cb
113,Kevin De Bruyne,be BEL,MF,Manchester City,30,1991,24.5,0.61,3.14,1.27,40.3,3.15,1.27,0.19,0.48,18.6,0.29,0.00,0.00,0.26,0.26,0.08,0.35,0.35,Matches,e46012d4
114,Troy Deeney,eng ENG,FW,Watford,33,1988,0.3,0.00,6.67,0.00,0.0,7.20,0.00,0.00,,9.0,0.00,0.00,0.00,1.33,1.33,0.20,-1.33,-1.33,Matches,82e34b69
115,Liam Delap,eng ENG,FW,Manchester City,18,2003,0.1,0.00,0.00,0.00,,0.00,0.00,,,,0.00,0.00,0.00,0.00,0.00,,0.00,0.00,Matches,dd897ee7
116,Fabian Delph,eng ENG,MF,Everton,31,1989,7.4,0.00,0.27,0.00,0.0,0.27,0.00,0.00,,25.5,0.00,0.00,0.00,0.00,0.00,0.02,0.00,0.00,Matches,111c3236
117,Leander Dendoncker,be BEL,MF,Wolves,26,1995,21.7,0.09,01.06,0.46,43.5,01.06,0.46,0.09,0.20,15.2,0.00,0.00,0.00,0.12,0.12,0.11,-0.03,-0.03,Matches,5a7301ae
118,Emmanuel Dennis,ng NGA,FWMF,Watford,23,1997,28.7,0.35,2.13,0.94,44.3,2.13,0.94,0.16,0.37,14.9,0.21,0.00,0.00,0.26,0.26,0.12,0.09,0.09,Matches,2c44a35d
119,Kiernan Dewsbury Hall,eng ENG,MF,Leicester City,22,1998,23.4,0.04,0.90,0.13,14.3,0.90,0.13,0.05,0.33,20.7,0.04,0.00,0.00,0.06,0.06,0.06,-0.01,-0.01,Matches,5c74c0f5
120,Ibrahima Diallo,fr FRA,MF,Southampton,22,1999,11.4,0.00,0.70,0.35,50.0,0.70,0.35,0.00,0.00,20.6,0.00,0.00,0.00,0.04,0.04,0.06,-0.04,-0.04,Matches,11ff3d56
121,Raphael Dias Belloli,br BRA,FWMF,Leeds United,24,1996,32.4,0.34,2.62,0.65,24.7,2.62,0.65,0.08,0.33,20.2,0.31,0.12,0.12,0.35,0.25,0.10,-0.01,-0.04,Matches,3423f250
122,Rúben Dias,pt POR,DF,Manchester City,24,1997,26.7,0.07,0.67,0.15,22.2,0.67,0.15,0.11,0.50,10.6,0.00,0.00,0.00,0.08,0.08,0.12,-0.01,-0.01,Matches,31c69ef1
123,Luis Díaz,co COL,FW,Liverpool,24,1997,10.6,0.38,3.58,1.32,36.8,3.57,1.32,0.11,0.29,16.0,0.00,0.00,0.00,0.42,0.42,0.12,-0.05,-0.05,Matches,4a1a9578
124,Eric Dier,eng ENG,DF,Tottenham,27,1994,34.1,0.00,0.38,0.12,30.8,0.38,0.12,0.00,0.00,13.5,0.12,0.00,0.00,0.03,0.03,0.08,-0.03,-0.03,Matches,ac861941
125,Lucas Digne,fr FRA,DF,Aston Villa,28,1993,14.1,0.00,0.64,0.14,22.2,0.64,0.14,0.00,0.00,17.8,0.07,0.00,0.00,0.04,0.04,0.06,-0.04,-0.04,Matches,1b84dbe1
126,Lucas Digne,fr FRA,DF,Everton,28,1993,13.0,0.00,0.69,0.08,11.1,0.69,0.08,0.00,0.00,21.1,0.23,0.00,0.00,0.03,0.03,0.05,-0.03,-0.03,Matches,1b84dbe1
127,Virgil van Dijk,nl NED,DF,Liverpool,30,1991,34.0,0.09,01.03,0.38,37.1,01.03,0.38,0.09,0.23,11.8,0.03,0.00,0.00,0.07,0.07,0.07,0.02,0.02,Matches,e06683ca
128,Issa Diop,fr FRA,DF,West Ham,24,1997,10.7,0.00,0.19,0.19,100.0,0.19,0.19,0.00,0.00,7.6,0.00,0.00,0.00,0.01,0.01,0.07,-0.01,-0.01,Matches,a712ca2b
129,Moussa Djenepo,ml MLI,MF,Southampton,23,1998,5.1,0.00,2.16,0.20,9.1,2.17,0.20,0.00,0.00,16.1,0.00,0.00,0.00,0.29,0.29,0.14,-0.29,-0.29,Matches,254147d4
130,Lewis Dobbin,eng ENG,FWMF,Everton,18,2003,0.4,0.00,0.00,0.00,,0.00,0.00,,,,0.00,0.00,0.00,0.00,0.00,,0.00,0.00,Matches,e814e1cf
131,Matt Doherty,ie IRL,DF,Tottenham,29,1992,9.7,0.21,1.65,0.62,37.5,1.65,0.62,0.13,0.33,13.8,0.00,0.00,0.00,0.26,0.26,0.16,-0.05,-0.05,Matches,d557d734
132,Gabriel Dos Santos,br BRA,DF,Arsenal,23,1997,34.0,0.15,0.88,0.35,40.0,0.88,0.35,0.17,0.42,11.0,0.00,0.00,0.00,0.08,0.08,0.09,0.07,0.07,Matches,67ac5bb8
133,Abdoulaye Doucouré,ml MLI,MF,Everton,28,1993,28.2,0.07,1.21,0.35,29.4,1.21,0.35,0.06,0.20,17.3,0.00,0.00,0.00,0.10,0.10,0.08,-0.02,-0.02,Matches,02b29014
134,Kieran Dowell,eng ENG,FWMF,Norwich City,23,1997,10.1,0.10,0.79,0.20,25.0,0.79,0.20,0.13,0.50,22.1,0.30,0.00,0.00,0.12,0.12,0.15,-0.02,-0.02,Matches,2f6ec02a
135,Cody Drameh,eng ENG,DF,Leeds United,19,2001,1.4,0.00,0.00,0.00,,0.00,0.00,,,,0.00,0.00,0.00,0.00,0.00,,0.00,0.00,Matches,e0d1510a
136,Martin Dúbravka,sk SVK,GK,Newcastle Utd,32,1989,26.0,0.00,0.00,0.00,,0.00,0.00,,,,0.00,0.00,0.00,0.00,0.00,,0.00,0.00,Matches,3a949a25
137,Shane Duffy,ie IRL,DF,Brighton,29,1992,16.0,0.06,1.31,0.31,23.8,1.32,0.31,0.05,0.20,9.4,0.00,0.00,0.00,0.08,0.08,0.06,-0.02,-0.02,Matches,7314bba4
138,Paul Dummett,wls WAL,DF,Newcastle Utd,29,1991,2.2,0.00,0.00,0.00,,0.00,0.00,,,,0.00,0.00,0.00,0.00,0.00,,0.00,0.00,Matches,3fe6bd8c
139,Lewis Dunk,eng ENG,DF,Brighton,29,1991,28.6,0.03,0.66,0.24,36.8,0.66,0.24,0.05,0.14,10.0,0.00,0.00,0.00,0.04,0.04,0.06,-0.01,-0.01,Matches,282f75f3
140,Ederson,br BRA,GK,Manchester City,27,1993,37.0,0.00,0.00,0.00,,0.00,0.00,,,,0.00,0.00,0.00,0.00,0.00,,0.00,0.00,Matches,3bb7b8b4
141,Odsonne Édouard,fr FRA,FW,Crystal Palace,23,1998,17.4,0.34,2.18,0.98,44.7,2.19,0.98,0.13,0.29,12.7,0.00,0.06,0.06,0.40,0.35,0.16,-0.05,-0.06,Matches,0562b7f1
142,CJ Egan-Riley,eng ENG,DF,Manchester City,18,2003,0.0,0,0,0,,0.00,0.00,,,,0,0,0,0.0,0.0,,0.0,0.0,Matches,d313e8ff
143,Anthony Elanga,se SWE,FW,Manchester Utd,19,2002,13.5,0.15,1.56,0.52,33.3,1.56,0.52,0.10,0.29,15.4,0.00,0.00,0.00,0.22,0.22,0.14,-0.07,-0.07,Matches,2fba6108
144,Harvey Elliott,eng ENG,MF,Liverpool,18,2003,3.8,0.00,2.63,0.26,10.0,2.60,0.26,0.00,0.00,17.2,0.00,0.00,0.00,0.24,0.24,0.09,-0.24,-0.24,Matches,c8387671
145,Mohamed Elneny,eg EGY,MF,Arsenal,29,1992,9.0,0.00,0.89,0.22,25.0,0.89,0.22,0.00,0.00,25.7,0.00,0.00,0.00,0.02,0.02,0.02,-0.02,-0.02,Matches,47a34c4f
146,Mohamed Elyounoussi,no NOR,MFFW,Southampton,26,1994,22.7,0.18,1.89,0.75,39.5,1.90,0.75,0.09,0.24,13.7,0.00,0.00,0.00,0.26,0.26,0.15,-0.09,-0.09,Matches,68dc0dac
147,Emerson,br BRA,DF,Tottenham,22,1999,25.4,0.04,0.59,0.16,26.7,0.59,0.16,0.07,0.25,14.6,0.00,0.00,0.00,0.06,0.06,0.10,-0.02,-0.02,Matches,df8b52a5
148,Christian Eriksen,dk DEN,MF,Brentford,29,1992,10.4,0.10,2.12,0.77,36.4,2.11,0.77,0.05,0.13,23.2,0.48,0.00,0.00,0.13,0.13,0.07,-0.04,-0.04,Matches,980522ec
149,Oghenekaro Etebo,ng NGA,MF,Watford,25,1995,4.5,0.00,0.67,0.00,0.0,0.67,0.00,0.00,,30.9,0.00,0.00,0.00,0.00,0.00,0.02,0.00,0.00,Matches,b579e83d
150,Jonny Evans,nir NIR,DF,Leicester City,33,1988,15.0,0.07,0.20,0.13,66.7,0.20,0.13,0.33,0.50,5.7,0.00,0.00,0.00,0.05,0.05,0.25,0.02,0.02,Matches,f8fcd2a5
151,Eberechi Eze,eng ENG,MFFW,Crystal Palace,23,1998,6.7,0.15,1.49,0.15,10.0,1.49,0.15,0.10,1.00,20.2,0.15,0.00,0.00,0.07,0.07,0.05,0.07,0.07,Matches,ae4fc6a4
152,Łukasz Fabiański,pl POL,GK,West Ham,36,1985,37.0,0.00,0.00,0.00,,0.00,0.00,,,,0.00,0.00,0.00,0.00,0.00,,0.00,0.00,Matches,9328b835
153,Fabinho,br BRA,MF,Liverpool,27,1993,25.7,0.19,0.74,0.27,36.8,0.74,0.27,0.16,0.43,18.8,0.04,0.08,0.08,0.13,0.07,0.11,0.06,0.04,Matches,7f3b388c
154,Kiko Femenía,es ESP,DF,Watford,30,1991,23.8,0.00,0.13,0.04,33.3,0.13,0.04,0.00,0.00,19.6,0.00,0.00,0.00,0.00,0.00,0.03,-0.00,-0.00,Matches,e5d01ecf
155,Evan Ferguson,ie IRL,MF,Brighton,16,2004,0.3,0.00,0.00,0.00,,0.00,0.00,,,,0.00,0.00,0.00,0.00,0.00,,0.00,0.00,Matches,4596da74
156,Nathan Ferguson,eng ENG,DF,Crystal Palace,20,2000,0.1,0.00,0.00,0.00,,0.00,0.00,,,,0.00,0.00,0.00,0.00,0.00,,0.00,0.00,Matches,2f8d27bc
157,Bruno Fernandes,pt POR,MF,Manchester Utd,26,1994,34.6,0.29,2.51,0.84,33.3,2.52,0.84,0.11,0.34,21.2,0.17,0.00,0.06,0.28,0.24,0.09,0.01,0.05,Matches,507c7bdf
158,Álvaro Fernández,es ESP,GK,Brentford,23,1998,12.0,0.00,0.00,0.00,,0.00,0.00,,,,0.00,0.00,0.00,0.00,0.00,,0.00,0.00,Matches,f127d782
159,Federico Fernández,ar ARG,DF,Newcastle Utd,32,1989,5.8,0.00,01.03,0.17,16.7,01.03,0.17,0.00,0.00,9.2,0.00,0.00,0.00,0.07,0.07,0.07,-0.07,-0.07,Matches,f25b010f
160,Fernandinho,br BRA,MFDF,Manchester City,36,1985,10.7,0.19,1.68,0.28,16.7,1.68,0.28,0.11,0.67,16.4,0.00,0.00,0.00,0.15,0.15,0.09,0.04,0.04,Matches,101da2b5
161,Roberto Firmino,br BRA,FW,Liverpool,29,1991,11.0,0.45,2.73,1.00,36.7,2.73,1.00,0.17,0.45,15.1,0.00,0.00,0.00,0.45,0.45,0.17,0.00,0.00,Matches,4c370d81
162,Junior Firpo,es ESP,DF,Leeds United,24,1996,19.0,0.00,0.63,0.05,8.3,0.63,0.05,0.00,0.00,13.3,0.00,0.00,0.00,0.05,0.05,0.08,-0.05,-0.05,Matches,24f59bb2
163,Ashley Fletcher,eng ENG,FW,Watford,25,1995,0.3,0.00,6.67,3.33,50.0,6.00,3.00,0.00,0.00,19.9,0.00,0.00,0.00,1.33,1.33,0.19,-1.33,-1.33,Matches,eeb6551f
164,Phil Foden,eng ENG,FW,Manchester City,21,2000,23.6,0.38,2.46,0.93,37.9,2.45,0.93,0.16,0.41,14.1,0.00,0.00,0.00,0.39,0.39,0.16,-0.00,-0.00,Matches,ed1e53f3
165,Wesley Fofana,fr FRA,DF,Leicester City,20,2000,7.0,0.00,0.43,0.14,33.3,0.43,0.14,0.00,0.00,8.0,0.00,0.00,0.00,0.03,0.03,0.08,-0.03,-0.03,Matches,132a82f1
166,Pablo Fornals,es ESP,FWMF,West Ham,25,1996,31.1,0.19,1.38,0.35,25.6,1.38,0.35,0.14,0.55,18.4,0.00,0.00,0.00,0.16,0.16,0.12,0.03,0.03,Matches,82927de4
167,Adam Forshaw,eng ENG,MF,Leeds United,29,1991,17.0,0.00,0.82,0.24,28.6,0.82,0.24,0.00,0.00,25.5,0.06,0.00,0.00,0.02,0.02,0.03,-0.02,-0.02,Matches,9f1938ab
168,Marcus Forss,fi FIN,FWMF,Brentford,22,1999,2.3,0.00,2.17,0.00,0.0,2.15,0.00,0.00,,14.0,0.00,0.00,0.00,0.09,0.09,0.05,-0.09,-0.09,Matches,82c215a0
169,Fraser Forster,eng ENG,GK,Southampton,33,1988,19.0,0.00,0.00,0.00,,0.00,0.00,,,,0.00,0.00,0.00,0.00,0.00,,0.00,0.00,Matches,c3e39f12
170,Ben Foster,eng ENG,GK,Watford,38,1983,26.0,0.00,0.00,0.00,,0.00,0.00,,,,0.00,0.00,0.00,0.00,0.00,,0.00,0.00,Matches,d0b3ceb9
171,Tariqe Fosu,gh GHA,DF,Brentford,25,1995,0.2,0.00,5.00,0.00,0.0,5.29,0.00,0.00,,18.4,0.00,0.00,0.00,0.00,0.00,0.03,0.00,0.00,Matches,3dcef539
172,Ryan Fraser,sct SCO,FWMF,Newcastle Utd,27,1994,16.3,0.12,1.47,0.43,29.2,1.47,0.43,0.08,0.29,17.2,0.00,0.00,0.00,0.17,0.17,0.12,-0.05,-0.05,Matches,d56543a0
173,Fred,br BRA,MF,Manchester Utd,28,1993,22.5,0.18,0.67,0.40,60.0,0.67,0.40,0.27,0.44,20.2,0.00,0.00,0.00,0.07,0.07,0.10,0.11,0.11,Matches,b853e0ad
174,Ryan Fredericks,eng ENG,DF,West Ham,28,1992,3.4,0.00,0.00,0.00,,0.00,0.00,,,,0.00,0.00,0.00,0.00,0.00,,0.00,0.00,Matches,c067631c
175,Leo Fuhr Hjelde,no NOR,DF,Leeds United,17,2003,1.7,0.00,0.00,0.00,,0.00,0.00,,,,0.00,0.00,0.00,0.00,0.00,,0.00,0.00,Matches,d102b8a2
176,Conor Gallagher,eng ENG,MF,Crystal Palace,21,2000,31.6,0.25,1.65,0.70,42.3,1.64,0.70,0.15,0.36,16.5,0.13,0.00,0.00,0.18,0.18,0.11,0.07,0.07,Matches,c2731c10
177,Alejandro Garnacho,es ESP,FW,Manchester Utd,17,2004,0.1,0.00,0.00,0.00,,0.00,0.00,,,,0.00,0.00,0.00,0.00,0.00,,0.00,0.00,Matches,7aa8adfe
178,Dwight Gayle,eng ENG,FW,Newcastle Utd,30,1990,0.4,0.00,5.00,0.00,0.0,4.74,0.00,0.00,,7.0,0.00,0.00,0.00,0.75,0.75,0.15,-0.75,-0.75,Matches,e58a03c6
179,Jean-Philippe Gbamin,ci CIV,MF,Everton,25,1995,0.7,0.00,0.00,0.00,,0.00,0.00,,,,0.00,0.00,0.00,0.00,0.00,,0.00,0.00,Matches,6bd603db
180,David de Gea,es ESP,GK,Manchester Utd,30,1990,38.0,0.00,0.00,0.00,,0.00,0.00,,,,0.00,0.00,0.00,0.00,0.00,,0.00,0.00,Matches,7ba6d84e
181,Joe Gelhardt,eng ENG,FWMF,Leeds United,19,2002,8.3,0.24,2.65,01.08,40.9,2.65,01.09,0.09,0.22,15.8,0.00,0.00,0.00,0.37,0.37,0.14,-0.13,-0.13,Matches,01962d0d
182,Anwar El Ghazi,nl NED,FWMF,Aston Villa,26,1995,4.3,0.23,1.63,0.47,28.6,1.63,0.47,0.00,0.00,21.3,0.00,0.23,0.23,0.26,0.07,0.04,-0.02,-0.07,Matches,ffa90327
183,Anwar El Ghazi,nl NED,FW,Everton,26,1995,0.1,0.00,0.00,0.00,,0.00,0.00,,,,0.00,0.00,0.00,0.00,0.00,,0.00,0.00,Matches,ffa90327
184,Saman Ghoddos,ir IRN,DFMF,Brentford,27,1993,6.0,0.17,1.33,0.33,25.0,1.34,0.34,0.13,0.50,20.0,0.17,0.00,0.00,0.10,0.10,0.08,0.07,0.07,Matches,f7b1d4e0
185,Dimitris Giannoulis,gr GRE,DF,Norwich City,25,1995,13.0,0.00,0.23,0.15,66.7,0.23,0.15,0.00,0.00,18.7,0.00,0.00,0.00,0.02,0.02,0.05,-0.02,-0.02,Matches,112c495e
186,Morgan Gibbs-White,eng ENG,FWMF,Wolves,21,2000,0.1,0.00,20.0,0.00,0.0,20.00,0.00,0.00,,16.2,0.00,0.00,0.00,1.00,1.00,0.06,-1.00,-1.00,Matches,32f60ed8
187,Ben Gibson,eng ENG,DF,Norwich City,28,1993,27.7,0.00,0.29,0.14,50.0,0.29,0.14,0.00,0.00,10.0,0.00,0.00,0.00,0.04,0.04,0.15,-0.04,-0.04,Matches,bcfb0142
188,Billy Gilmour,sct SCO,MF,Norwich City,20,2001,20.6,0.00,0.87,0.15,16.7,0.87,0.15,0.00,0.00,22.3,0.10,0.00,0.00,0.05,0.05,0.06,-0.05,-0.05,Matches,df10e27c
189,Ben Godfrey,eng ENG,DF,Everton,23,1998,22.5,0.00,0.80,0.27,33.3,0.80,0.27,0.00,0.00,16.7,0.00,0.00,0.00,0.05,0.05,0.06,-0.05,-0.05,Matches,9f7c837d
190,André Gomes,pt POR,MF,Everton,28,1993,6.9,0.00,02.03,0.58,28.6,02.04,0.58,0.00,0.00,22.3,0.00,0.00,0.00,0.10,0.10,0.05,-0.10,-0.10,Matches,1961b2aa
191,Toti Gomes,pt POR,DF,Wolves,22,1999,4.0,0.00,0.25,0.00,0.0,0.25,0.00,0.00,,8.0,0.00,0.00,0.00,0.03,0.03,0.05,-0.03,-0.03,Matches,f0caab96
192,Joe Gomez,eng ENG,DF,Liverpool,24,1997,3.7,0.00,0.27,0.00,0.0,0.27,0.00,0.00,,29.1,0.00,0.00,0.00,0.00,0.00,0.01,0.00,0.00,Matches,7a11550b
193,Charlie Goode,eng ENG,DF,Brentford,25,1995,5.0,0.00,0.40,0.00,0.0,0.40,0.00,0.00,,10.5,0.00,0.00,0.00,0.02,0.02,0.07,-0.02,-0.02,Matches,7aee4dd3
194,Anthony Gordon,eng ENG,MFFW,Everton,20,2001,25.4,0.16,1.73,0.75,43.2,1.73,0.75,0.09,0.21,18.5,0.20,0.00,0.00,0.13,0.13,0.08,0.02,0.02,Matches,2bd83368
195,Kaide Gordon,eng ENG,FW,Liverpool,16,2004,0.1,0.00,10.0,10.0,100.0,10.00,10.00,0.00,0.00,19.0,0.00,0.00,0.00,4.00,4.00,0.45,-4.00,-4.00,Matches,19a9cb70
196,Dan Gosling,eng ENG,MF,Watford,31,1990,1.8,0.56,1.11,0.56,50.0,01.08,0.54,0.50,1.00,15.6,0.00,0.00,0.00,0.11,0.11,0.09,0.44,0.44,Matches,7fec31a0
197,Demarai Gray,eng ENG,MFFW,Everton,25,1996,26.0,0.19,2.50,0.58,23.1,2.50,0.58,0.08,0.33,20.2,0.15,0.00,0.00,0.17,0.17,0.07,0.02,0.02,Matches,4468ec10
198,Jack Grealish,eng ENG,FW,Manchester City,25,1995,21.3,0.14,2.11,0.75,35.6,2.12,0.75,0.07,0.19,14.3,0.00,0.00,0.00,0.23,0.23,0.11,-0.08,-0.08,Matches,b0b4fd3e
199,Mason Greenwood,eng ENG,FWMF,Manchester Utd,19,2001,14.1,0.35,3.40,1.28,37.5,3.40,1.27,0.10,0.28,18.7,0.00,0.00,0.00,0.31,0.31,0.09,0.04,0.04,Matches,58eee997
200,Sam Greenwood,eng ENG,MFFW,Leeds United,19,2002,2.6,0.00,1.54,0.00,0.0,1.52,0.00,0.00,,19.4,0.38,0.00,0.00,0.15,0.15,0.09,-0.15,-0.15,Matches,f3354c07
201,Pascal Groß,de GER,MFDF,Brighton,30,1991,22.6,0.09,01.02,0.31,30.4,01.02,0.31,0.09,0.29,16.7,0.04,0.00,0.04,0.13,0.10,0.09,-0.04,-0.01,Matches,8aec0537
202,Vicente Guaita,es ESP,GK,Crystal Palace,34,1987,29.5,0.00,0.00,0.00,,0.00,0.00,,,,0.00,0.00,0.00,0.00,0.00,,0.00,0.00,Matches,ab13a5aa
203,Marc Guéhi,eng ENG,DF,Crystal Palace,21,2000,35.8,0.06,0.50,0.14,27.8,0.50,0.14,0.11,0.40,10.3,0.00,0.00,0.00,0.05,0.05,0.10,0.00,0.00,Matches,d0706b27
204,Bruno Guimarães,br BRA,MF,Newcastle Utd,23,1997,11.5,0.43,1.91,0.96,50.0,1.91,0.96,0.23,0.45,18.4,0.00,0.00,0.00,0.25,0.25,0.14,0.18,0.18,Matches,82518f62
205,İlkay Gündoğan,de GER,MF,Manchester City,30,1990,20.6,0.39,2.67,0.87,32.7,2.67,0.87,0.15,0.44,13.9,0.10,0.00,0.00,0.42,0.42,0.16,-0.03,-0.03,Matches,819b3158
206,Angus Gunn,eng ENG,GK,Norwich City,25,1996,9.0,0.00,0.00,0.00,,0.00,0.00,,,,0.00,0.00,0.00,0.00,0.00,,0.00,0.00,Matches,e082af5b
207,Grant Hanley,sct SCO,DF,Norwich City,29,1991,32.2,0.03,0.62,0.12,20.0,0.62,0.12,0.05,0.25,8.1,0.00,0.00,0.00,0.06,0.06,0.09,-0.03,-0.03,Matches,e9254eec
208,Jack Harrison,eng ENG,FWMF,Leeds United,24,1996,29.3,0.27,1.50,0.58,38.6,1.50,0.58,0.18,0.47,16.9,0.00,0.00,0.00,0.14,0.14,0.09,0.14,0.14,Matches,aa849a12
209,Kortney Hause,eng ENG,DF,Aston Villa,26,1995,4.4,0.23,0.45,0.45,100.0,0.45,0.45,0.50,0.50,10.1,0.00,0.00,0.00,0.02,0.02,0.04,0.20,0.20,Matches,bf8fad51
210,Kai Havertz,de GER,FWMF,Chelsea,22,1999,20.1,0.40,2.79,1.14,41.1,2.79,1.14,0.14,0.35,12.2,0.00,0.00,0.00,0.48,0.48,0.17,-0.08,-0.08,Matches,fed7cb61
211,Isaac Hayden,eng ENG,MFDF,Newcastle Utd,26,1995,11.1,0.09,0.54,0.09,16.7,0.54,0.09,0.17,1.00,12.8,0.00,0.00,0.00,0.04,0.04,0.07,0.05,0.05,Matches,c951a6df
212,Hwang Hee-chan,kr KOR,FWMF,Wolves,25,1996,20.2,0.25,1.44,0.59,41.4,1.44,0.59,0.17,0.42,15.1,0.00,0.00,0.00,0.20,0.20,0.14,0.05,0.05,Matches,169fd162
213,Jordan Henderson,eng ENG,MF,Liverpool,31,1990,28.9,0.07,01.07,0.21,19.4,01.07,0.21,0.06,0.33,23.0,0.03,0.00,0.00,0.05,0.05,0.05,0.02,0.02,Matches,935e6b8f
214,Jeff Hendrick,ie IRL,MF,Newcastle Utd,29,1992,0.8,1.25,1.25,1.25,100.0,1.25,1.25,1.00,1.00,27.0,0.00,0.00,0.00,0.00,0.00,0.03,1.25,1.25,Matches,989d5705
215,Wayne Hennessey,wls WAL,GK,Burnley,34,1987,2.0,0.00,0.00,0.00,,0.00,0.00,,,,0.00,0.00,0.00,0.00,0.00,,0.00,0.00,Matches,76eca7e2
216,Rico Henry,eng ENG,DF,Brentford,24,1997,30.8,0.10,0.45,0.16,35.7,0.45,0.16,0.21,0.60,16.0,0.00,0.00,0.00,0.06,0.06,0.13,0.04,0.04,Matches,8a3c1dc7
217,Son Heung-min,kr KOR,FWMF,Tottenham,29,1992,33.4,0.69,2.57,1.41,54.7,2.57,1.41,0.27,0.49,15.4,0.06,0.00,0.00,0.49,0.49,0.19,0.20,0.20,Matches,92e7e919
218,Ki-Jana Hoever,nl NED,DF,Wolves,19,2002,3.4,0.00,0.29,0.00,0.0,0.29,0.00,0.00,,22.2,0.00,0.00,0.00,0.00,0.00,0.02,0.00,0.00,Matches,9a71e978
219,Rob Holding,eng ENG,DF,Arsenal,25,1995,9.4,0.11,0.43,0.11,25.0,0.43,0.11,0.25,1.00,6.8,0.00,0.00,0.00,0.03,0.03,0.07,0.07,0.07,Matches,d79a8c87
220,Mason Holgate,eng ENG,DF,Everton,24,1996,23.7,0.08,0.30,0.08,28.6,0.30,0.08,0.29,1.00,9.8,0.00,0.00,0.00,0.05,0.05,0.15,0.04,0.04,Matches,d0042ab9
221,Callum Hudson-Odoi,eng ENG,FWMF,Chelsea,20,2000,10.7,0.09,1.59,0.65,41.2,1.59,0.65,0.06,0.14,13.2,0.00,0.00,0.00,0.20,0.20,0.12,-0.10,-0.10,Matches,15f3ec41
222,Will Hughes,eng ENG,MF,Crystal Palace,26,1995,11.7,0.00,0.51,0.00,0.0,0.51,0.00,0.00,,21.3,0.00,0.00,0.00,0.02,0.02,0.03,-0.02,-0.02,Matches,a0666d3e
223,Pierre Højbjerg,dk DEN,MF,Tottenham,25,1995,35.5,0.06,0.87,0.28,32.3,0.87,0.28,0.06,0.20,21.9,0.03,0.00,0.00,0.06,0.06,0.07,0.00,0.00,Matches,8b04d6c1
224,Adam Idah,ie IRL,FWMF,Norwich City,20,2001,6.9,0.14,02.03,0.58,28.6,02.02,0.58,0.07,0.25,12.4,0.00,0.00,0.00,0.29,0.29,0.14,-0.14,-0.14,Matches,291e3ec3
225,Kelechi Iheanacho,ng NGA,FW,Leicester City,24,1996,14.0,0.29,2.21,0.79,35.5,2.21,0.78,0.13,0.36,17.1,0.00,0.00,0.00,0.24,0.24,0.11,0.04,0.04,Matches,c92e1a31
226,Danny Ings,eng ENG,FW,Aston Villa,29,1992,21.1,0.33,2.27,0.81,35.4,2.28,0.81,0.13,0.35,13.3,0.00,0.05,0.05,0.35,0.31,0.14,-0.01,-0.03,Matches,07802f7f
227,Tim Iroegbunam,eng ENG,MF,Aston Villa,18,2003,1.0,0.00,1.00,0.00,0.0,0.98,0.00,0.00,,11.0,0.00,0.00,0.00,0.10,0.10,0.13,-0.10,-0.10,Matches,84c5ceea
228,Alex Iwobi,ng NGA,MFDF,Everton,25,1996,22.6,0.09,01.06,0.27,25.0,01.06,0.27,0.08,0.33,16.4,0.00,0.00,0.00,0.08,0.08,0.07,0.01,0.01,Matches,6ca5ec4b
229,Daniel James,wls WAL,FW,Manchester Utd,23,1997,1.4,0.00,2.86,0.71,25.0,2.86,0.71,0.00,0.00,17.3,0.00,0.00,0.00,0.14,0.14,0.06,-0.14,-0.14,Matches,c931d9f9
230,Daniel James,wls WAL,FWMF,Leeds United,23,1997,26.3,0.15,1.98,0.57,28.8,1.98,0.57,0.08,0.27,15.5,0.00,0.00,0.00,0.22,0.22,0.11,-0.06,-0.06,Matches,c931d9f9
231,Reece James,eng ENG,DF,Chelsea,21,1999,20.7,0.24,1.79,0.48,27.0,1.79,0.48,0.14,0.50,20.4,0.29,0.00,0.00,0.13,0.13,0.07,0.12,0.12,Matches,1265a93a
232,Vitaly Janelt,de GER,MF,Brentford,23,1998,25.5,0.16,1.18,0.43,36.7,1.17,0.43,0.13,0.36,17.7,0.00,0.00,0.00,0.10,0.10,0.09,0.05,0.05,Matches,8449d35e
233,Pontus Jansson,se SWE,DF,Brentford,30,1991,36.9,0.08,0.62,0.27,43.5,0.62,0.27,0.13,0.30,8.2,0.00,0.00,0.00,0.08,0.08,0.13,0.00,0.00,Matches,172e52d8
234,Mathias Jensen,dk DEN,MF,Brentford,25,1996,17.8,0.00,01.07,0.34,31.6,01.07,0.34,0.00,0.00,21.0,0.00,0.00,0.00,0.14,0.14,0.13,-0.14,-0.14,Matches,0f134faf
235,Gabriel Jesus,br BRA,FW,Manchester City,24,1997,20.9,0.38,03.01,1.00,33.3,03.02,01.01,0.11,0.33,13.2,0.00,0.05,0.05,0.48,0.45,0.15,-0.10,-0.11,Matches,b66315ae
236,Raúl Jiménez,mx MEX,FW,Wolves,30,1991,29.2,0.21,1.95,0.51,26.3,1.95,0.51,0.09,0.33,16.1,0.03,0.03,0.03,0.23,0.21,0.11,-0.02,-0.04,Matches,b561db50
237,Joelinton,br BRA,MFFW,Newcastle Utd,24,1996,28.4,0.14,1.62,0.49,30.4,1.62,0.49,0.09,0.29,16.9,0.00,0.00,0.00,0.14,0.14,0.09,-0.00,-0.00,Matches,c17bfb65
238,Ben Johnson,eng ENG,DF,West Ham,21,2000,15.5,0.06,0.32,0.06,20.0,0.32,0.06,0.20,1.00,23.6,0.00,0.00,0.00,0.01,0.01,0.02,0.06,0.06,Matches,9319781b
239,Curtis Jones,eng ENG,MF,Liverpool,20,2001,9.5,0.11,2.00,0.74,36.8,02.01,0.74,0.05,0.14,22.1,0.00,0.00,0.00,0.09,0.09,0.05,0.01,0.01,Matches,4fb9c88f
240,Phil Jones,eng ENG,DF,Manchester Utd,29,1992,1.8,0.00,0.00,0.00,,0.00,0.00,,,,0.00,0.00,0.00,0.00,0.00,,0.00,0.00,Matches,def899bd
241,Jorginho,it ITA,MF,Chelsea,29,1991,25.3,0.24,0.36,0.08,22.2,0.36,0.08,0.00,0.00,29.7,0.00,0.24,0.28,0.23,0.02,0.05,0.01,-0.02,Matches,45db685d
242,Diogo Jota,pt POR,FW,Liverpool,24,1996,26.3,0.57,3.46,1.25,36.3,3.46,1.26,0.16,0.45,11.8,0.00,0.00,0.00,0.61,0.61,0.18,-0.04,-0.04,Matches,178ae8f8
243,James Justin,eng ENG,DF,Leicester City,23,1998,11.1,0.00,0.45,0.09,20.0,0.45,0.09,0.00,0.00,10.6,0.00,0.00,0.00,0.05,0.05,0.13,-0.05,-0.05,Matches,fb614c44
244,Mathias Jørgensen,dk DEN,DF,Brentford,31,1990,5.8,0.17,0.34,0.17,50.0,0.35,0.17,0.50,1.00,6.9,0.00,0.00,0.00,0.02,0.02,0.05,0.16,0.16,Matches,0db5d2c8
245,Ozan Kabak,tr TUR,DF,Norwich City,21,2000,10.2,0.00,0.39,0.20,50.0,0.39,0.20,0.00,0.00,15.0,0.00,0.00,0.00,0.02,0.02,0.05,-0.02,-0.02,Matches,2d61d13a
246,Christian Kabasele,be BEL,DF,Watford,30,1991,13.3,0.00,0.53,0.00,0.0,0.53,0.00,0.00,,8.8,0.00,0.00,0.00,0.05,0.05,0.10,-0.05,-0.05,Matches,914ab9a1
247,Samuel Kalu,ng NGA,FW,Watford,23,1997,2.5,0.00,1.60,0.40,25.0,1.62,0.41,0.00,0.00,21.9,0.40,0.00,0.00,0.12,0.12,0.07,-0.12,-0.12,Matches,b8d22478
248,Hassane Kamara,ci CIV,DF,Watford,27,1994,18.0,0.06,0.28,0.06,20.0,0.28,0.06,0.20,1.00,25.3,0.00,0.00,0.00,0.01,0.01,0.03,0.04,0.04,Matches,19a12bed
249,Harry Kane,eng ENG,FW,Tottenham,28,1993,35.9,0.47,3.65,1.42,38.9,3.65,1.42,0.10,0.25,16.9,0.22,0.11,0.11,0.56,0.48,0.13,-0.09,-0.11,Matches,21a66f6a
250,N'Golo Kanté,fr FRA,MF,Chelsea,30,1991,19.7,0.10,0.86,0.46,52.9,0.86,0.46,0.12,0.22,18.6,0.00,0.00,0.00,0.09,0.09,0.11,0.01,0.01,Matches,b9fbae28
251,Edo Kayembe,cd COD,MF,Watford,22,1998,8.9,0.00,0.67,0.00,0.0,0.68,0.00,0.00,,28.8,0.00,0.00,0.00,0.02,0.02,0.03,-0.02,-0.02,Matches,f99b71de
252,Moise Kean,it ITA,FW,Everton,21,2000,0.0,0,0,0,,0.00,0.00,,,,0,0,0,0.0,0.0,,0.0,0.0,Matches,3d50bcdb
253,Michael Keane,eng ENG,DF,Everton,28,1993,31.0,0.10,0.65,0.19,30.0,0.64,0.19,0.15,0.50,11.9,0.00,0.00,0.00,0.04,0.04,0.06,0.06,0.06,Matches,c5b7c315
254,Naby Keïta,gn GUI,MF,Liverpool,26,1995,13.0,0.23,2.00,0.54,26.9,1.99,0.54,0.12,0.43,21.3,0.00,0.00,0.00,0.18,0.18,0.09,0.05,0.05,Matches,f25c8e3a
255,Caoimhín Kelleher,ie IRL,GK,Liverpool,22,1998,2.0,0.00,0.00,0.00,,0.00,0.00,,,,0.00,0.00,0.00,0.00,0.00,,0.00,0.00,Matches,62d7ef38
256,Kenedy,br BRA,DF,Chelsea,25,1996,0.6,0.00,1.67,0.00,0.0,1.55,0.00,0.00,,17.0,0.00,0.00,0.00,0.17,0.17,0.08,-0.17,-0.17,Matches,5eebbfdf
257,Jonjoe Kenny,eng ENG,DF,Everton,24,1997,11.3,0.00,0.44,0.00,0.0,0.44,0.00,0.00,,23.8,0.00,0.00,0.00,0.03,0.03,0.06,-0.03,-0.03,Matches,099e666f
258,Max Kilman,eng ENG,DF,Wolves,24,1997,29.9,0.03,0.43,0.13,30.8,0.44,0.13,0.08,0.25,8.8,0.00,0.00,0.00,0.03,0.03,0.08,0.00,0.00,Matches,d0f72bf1
259,Joshua King,no NOR,FW,Watford,29,1992,25.0,0.20,1.92,0.72,37.5,1.92,0.72,0.08,0.22,14.7,0.00,0.04,0.04,0.32,0.29,0.15,-0.12,-0.13,Matches,43458538
260,Kristoffer Klaesson,no NOR,GK,Leeds United,20,2000,0.4,0.00,0.00,0.00,,0.00,0.00,,,,0.00,0.00,0.00,0.00,0.00,,0.00,0.00,Matches,3f70db80
261,Mateusz Klich,pl POL,MF,Leeds United,31,1990,23.0,0.04,1.83,0.78,42.9,1.82,0.78,0.02,0.06,20.3,0.00,0.00,0.00,0.12,0.12,0.07,-0.07,-0.07,Matches,282679b4
262,Robin Koch,de GER,MFDF,Leeds United,25,1996,17.5,0.00,0.69,0.06,8.3,0.69,0.06,0.00,0.00,14.8,0.00,0.00,0.00,0.04,0.04,0.06,-0.04,-0.04,Matches,ea6bc03a
263,Sead Kolašinac,ba BIH,DF,Arsenal,28,1993,1.0,0.00,0.00,0.00,,0.00,0.00,,,,0.00,0.00,0.00,0.00,0.00,,0.00,0.00,Matches,3935e52e
264,Ibrahima Konaté,fr FRA,DF,Liverpool,22,1999,11.0,0.00,0.36,0.00,0.0,0.36,0.00,0.00,,9.0,0.00,0.00,0.00,0.03,0.03,0.06,-0.03,-0.03,Matches,5ed9b537
265,Ezri Konsa,eng ENG,DF,Aston Villa,23,1997,27.5,0.07,0.55,0.22,40.0,0.55,0.22,0.13,0.33,7.0,0.00,0.00,0.00,0.05,0.05,0.10,0.02,0.02,Matches,0313a347
266,Cheikhou Kouyaté,sn SEN,MF,Crystal Palace,31,1989,21.9,0.00,0.37,0.00,0.0,0.36,0.00,0.00,,19.2,0.00,0.00,0.00,0.03,0.03,0.07,-0.03,-0.03,Matches,8d3c902d
267,Mateo Kovačić,hr CRO,MF,Chelsea,27,1994,17.3,0.12,1.27,0.35,27.3,1.27,0.35,0.09,0.33,19.4,0.06,0.00,0.00,0.10,0.10,0.08,0.01,0.01,Matches,79c0821a
268,Emil Krafth,se SWE,DF,Newcastle Utd,26,1994,18.2,0.00,0.33,0.05,16.7,0.33,0.06,0.00,0.00,19.7,0.00,0.00,0.00,0.01,0.01,0.04,-0.01,-0.01,Matches,77cf6852
269,Alex Král,cz CZE,MF,West Ham,23,1998,0.0,0,0,0,,0.00,0.00,,,,0,0,0,0.0,0.0,,0.0,0.0,Matches,e717705a
270,Tim Krul,nl NED,GK,Norwich City,33,1988,29.0,0.00,0.00,0.00,,0.00,0.00,,,,0.00,0.00,0.00,0.00,0.00,,0.00,0.00,Matches,f23f9d20
271,Juraj Kucka,sk SVK,MF,Watford,34,1987,21.3,0.05,2.16,0.52,23.9,2.16,0.52,0.02,0.09,19.7,0.14,0.00,0.00,0.15,0.15,0.07,-0.10,-0.10,Matches,5aaef9ef
272,Dejan Kulusevski,se SWE,MFFW,Tottenham,21,2000,14.0,0.36,1.86,0.64,34.6,1.86,0.64,0.19,0.56,17.1,0.00,0.00,0.00,0.24,0.24,0.13,0.11,0.11,Matches,df3cda47
273,Alexandre Lacazette,fr FRA,FWMF,Arsenal,30,1991,19.8,0.20,2.17,0.61,27.9,2.17,0.61,0.05,0.17,14.8,0.05,0.10,0.15,0.40,0.28,0.13,-0.20,-0.18,Matches,9dbb75ca
274,Adam Lallana,eng ENG,MF,Brighton,33,1988,17.3,0.00,1.16,0.23,20.0,1.15,0.23,0.00,0.00,18.8,0.00,0.00,0.00,0.07,0.07,0.06,-0.07,-0.07,Matches,99813635
275,Tariq Lamptey,eng ENG,DFFW,Brighton,20,2000,17.3,0.00,1.10,0.23,21.1,1.10,0.23,0.00,0.00,19.5,0.00,0.00,0.00,0.05,0.05,0.04,-0.05,-0.05,Matches,f4e433d4
276,Manuel Lanzini,ar ARG,MFFW,West Ham,28,1993,19.8,0.25,0.66,0.20,30.8,0.66,0.20,0.15,0.50,21.6,0.05,0.15,0.15,0.17,0.06,0.09,0.08,0.05,Matches,26f6dca8
277,Aymeric Laporte,es ESP,DF,Manchester City,27,1994,31.4,0.13,1.11,0.22,20.0,1.11,0.22,0.11,0.57,10.7,0.00,0.00,0.00,0.14,0.14,0.13,-0.01,-0.01,Matches,119b9a8e
278,Jamaal Lascelles,eng ENG,DF,Newcastle Utd,27,1993,22.9,0.04,0.70,0.13,18.8,0.70,0.13,0.06,0.33,8.4,0.00,0.00,0.00,0.05,0.05,0.07,-0.00,-0.00,Matches,450ab6fc
279,Pierre Lees-Melou,fr FRA,MF,Norwich City,28,1993,25.2,0.04,1.31,0.36,27.3,1.31,0.36,0.03,0.11,23.1,0.00,0.00,0.00,0.06,0.06,0.05,-0.02,-0.02,Matches,f5044e54
280,Aaron Lennon,eng ENG,MF,Burnley,34,1987,17.2,0.12,0.70,0.23,33.3,0.70,0.23,0.17,0.50,19.3,0.00,0.00,0.00,0.06,0.06,0.09,0.05,0.05,Matches,2ff964a0
281,Bernd Leno,de GER,GK,Arsenal,29,1992,4.0,0.00,0.00,0.00,,0.00,0.00,,,,0.00,0.00,0.00,0.00,0.00,,0.00,0.00,Matches,2628fd2b
282,Jamal Lewis,nir NIR,DF,Newcastle Utd,23,1998,2.9,0.00,0.00,0.00,,0.00,0.00,,,,0.00,0.00,0.00,0.00,0.00,,0.00,0.00,Matches,efb9215a
283,Victor Lindelöf,se SWE,DF,Manchester Utd,27,1994,26.2,0.00,0.15,0.08,50.0,0.15,0.08,0.00,0.00,6.9,0.00,0.00,0.00,0.01,0.01,0.08,-0.01,-0.01,Matches,f5deef4c
284,Jesse Lingard,eng ENG,FWMF,Manchester Utd,28,1992,4.1,0.49,1.95,1.46,75.0,1.96,1.47,0.25,0.33,17.7,0.00,0.00,0.00,0.17,0.17,0.08,0.32,0.32,Matches,810e3c74
285,Valentino Livramento,eng ENG,DF,Southampton,18,2002,24.5,0.04,0.49,0.12,25.0,0.49,0.12,0.08,0.33,15.7,0.00,0.00,0.00,0.05,0.05,0.10,-0.01,-0.01,Matches,afed6722
286,Diego Llorente,es ESP,DF,Leeds United,27,1993,26.0,0.12,0.38,0.12,30.0,0.38,0.12,0.30,1.00,8.9,0.00,0.00,0.00,0.05,0.05,0.14,0.06,0.06,Matches,bba30585
287,Hugo Lloris,fr FRA,GK,Tottenham,34,1986,38.0,0.00,0.00,0.00,,0.00,0.00,,,,0.00,0.00,0.00,0.00,0.00,,0.00,0.00,Matches,8f62b6ee
288,Giovani Lo Celso,ar ARG,MFFW,Tottenham,25,1996,2.6,0.00,3.46,0.00,0.0,3.40,0.00,0.00,,18.5,0.38,0.00,0.00,0.27,0.27,0.08,-0.27,-0.27,Matches,d7553721
289,Jürgen Locadia,nl NED,FW,Brighton,27,1993,0.3,0.00,3.33,0.00,0.0,3.91,0.00,0.00,,20.0,0.00,0.00,0.00,0.33,0.33,0.11,-0.33,-0.33,Matches,6cc47ae1
290,Ruben Loftus-Cheek,eng ENG,MFDF,Chelsea,25,1996,15.5,0.00,1.23,0.39,31.6,1.23,0.39,0.00,0.00,17.4,0.00,0.00,0.00,0.08,0.08,0.06,-0.08,-0.08,Matches,e97fd090
291,Kevin Long,ie IRL,DF,Burnley,30,1990,4.6,0.00,0.87,0.00,0.0,0.88,0.00,0.00,,11.6,0.00,0.00,0.00,0.04,0.04,0.04,-0.04,-0.04,Matches,5a4280b1
292,Shane Long,ie IRL,FW,Southampton,34,1987,3.4,0.29,2.65,1.47,55.6,2.63,1.46,0.11,0.20,10.7,0.00,0.00,0.00,0.29,0.29,0.11,0.00,0.00,Matches,9f472354
293,Sean Longstaff,eng ENG,MF,Newcastle Utd,23,1997,16.3,0.06,0.92,0.12,13.3,0.92,0.12,0.07,0.50,23.9,0.06,0.00,0.00,0.07,0.07,0.08,-0.01,-0.01,Matches,a2b105e0
294,Ademola Lookman,ng NGA,FWMF,Leicester City,23,1997,16.1,0.37,1.68,0.75,44.4,1.67,0.74,0.22,0.50,13.9,0.00,0.00,0.00,0.32,0.32,0.19,0.06,0.06,Matches,7c104bb7
295,Jonas Lössl,dk DEN,GK,Brentford,32,1989,2.0,0.00,0.00,0.00,,0.00,0.00,,,,0.00,0.00,0.00,0.00,0.00,,0.00,0.00,Matches,939bc634
296,Imran Louza,ma MAR,MF,Watford,22,1999,15.7,0.00,01.08,0.25,23.5,01.08,0.25,0.00,0.00,27.1,0.38,0.00,0.00,0.07,0.07,0.07,-0.07,-0.07,Matches,e1df6989
297,Matthew Lowton,eng ENG,DF,Burnley,32,1989,19.7,0.05,0.51,0.10,20.0,0.51,0.10,0.10,0.50,20.5,0.00,0.00,0.00,0.03,0.03,0.06,0.02,0.02,Matches,9a9c05db
298,Douglas Luiz,br BRA,MF,Aston Villa,23,1998,30.2,0.07,0.76,0.26,34.8,0.76,0.27,0.09,0.25,23.7,0.26,0.00,0.00,0.07,0.07,0.09,0.00,0.00,Matches,6f7d826d
299,Romelu Lukaku,be BEL,FW,Chelsea,28,1993,17.7,0.45,2.37,0.73,31.0,2.38,0.74,0.17,0.54,13.1,0.06,0.06,0.06,0.38,0.34,0.14,0.07,0.05,Matches,5eae500a
300,Lyanco,br BRA,DF,Southampton,24,1997,10.1,0.00,0.59,0.00,0.0,0.59,0.00,0.00,,15.2,0.00,0.00,0.00,0.02,0.02,0.04,-0.02,-0.02,Matches,b5bf1770
301,Alexis Mac Allister,ar ARG,MFFW,Brighton,22,1998,23.6,0.21,2.42,0.38,15.8,2.42,0.38,0.05,0.33,20.4,0.17,0.08,0.13,0.28,0.18,0.07,-0.06,-0.05,Matches,83d074ff
302,James Maddison,eng ENG,MFFW,Leicester City,24,1996,27.3,0.44,2.67,1.21,45.2,2.67,1.21,0.16,0.36,19.8,0.48,0.00,0.00,0.30,0.30,0.11,0.14,0.14,Matches,ee38d9c5
303,Harry Maguire,eng ENG,DF,Manchester Utd,28,1993,27.9,0.04,0.82,0.36,43.5,0.82,0.36,0.04,0.10,11.9,0.00,0.00,0.00,0.06,0.06,0.08,-0.03,-0.03,Matches,d8931174
304,Riyad Mahrez,dz ALG,FW,Manchester City,30,1991,16.6,0.66,3.37,01.08,32.1,3.36,01.08,0.13,0.39,17.2,0.36,0.24,0.30,0.61,0.38,0.11,0.05,0.04,Matches,892d5bb1
305,Ainsley Maitland-Niles,eng ENG,MF,Arsenal,23,1997,3.0,0.00,0.67,0.00,0.0,0.67,0.00,0.00,,26.5,0.00,0.00,0.00,0.00,0.00,0.02,0.00,0.00,Matches,e3a5814e
306,Sadio Mané,sn SEN,FW,Liverpool,29,1992,31.3,0.51,3.16,1.18,37.4,3.16,1.18,0.16,0.43,13.3,0.00,0.00,0.00,0.53,0.53,0.17,-0.02,-0.02,Matches,c691bfe2
307,Javier Manquillo,es ESP,DF,Newcastle Utd,27,1994,14.0,0.07,0.29,0.14,50.0,0.29,0.14,0.25,0.50,15.5,0.00,0.00,0.00,0.04,0.04,0.12,0.04,0.04,Matches,758dd7f0
308,Fernando Marçal,br BRA,DF,Wolves,32,1989,16.1,0.00,0.68,0.06,9.1,0.68,0.06,0.00,0.00,22.3,0.00,0.00,0.00,0.03,0.03,0.05,-0.03,-0.03,Matches,9ae9eaea
309,Solly March,eng ENG,DFFW,Brighton,27,1994,19.4,0.00,01.08,0.52,47.6,01.08,0.52,0.00,0.00,17.3,0.10,0.00,0.00,0.08,0.08,0.07,-0.08,-0.08,Matches,bb5fbd2b
310,Pablo Marí,es ESP,DF,Arsenal,27,1993,2.0,0.00,0.50,0.00,0.0,0.50,0.00,0.00,,4.1,0.00,0.00,0.00,0.15,0.15,0.31,-0.15,-0.15,Matches,aa54ec6f
311,Anthony Martial,fr FRA,FW,Manchester Utd,25,1995,2.4,0.42,02.08,0.83,40.0,2.12,0.85,0.20,0.50,12.3,0.00,0.00,0.00,0.17,0.17,0.09,0.25,0.25,Matches,8b788c01
312,Martinelli,br BRA,FWMF,Arsenal,20,2001,20.7,0.29,2.42,0.72,30.0,2.42,0.73,0.10,0.33,14.4,0.00,0.05,0.05,0.35,0.31,0.13,-0.06,-0.07,Matches,48a5a5d6
313,Emiliano Martínez,ar ARG,GK,Aston Villa,28,1992,36.0,0.00,0.00,0.00,,0.00,0.00,,,,0.00,0.00,0.00,0.00,0.00,,0.00,0.00,Matches,7956236f
314,Adam Masina,ma MAR,DF,Watford,27,1994,12.0,0.00,0.42,0.00,0.0,0.42,0.00,0.00,,11.6,0.00,0.00,0.00,0.03,0.03,0.08,-0.03,-0.03,Matches,de0f152c
315,Arthur Masuaku,cd COD,DFFW,West Ham,27,1993,7.2,0.14,0.56,0.14,25.0,0.55,0.14,0.25,1.00,26.6,0.00,0.00,0.00,0.01,0.01,0.03,0.13,0.13,Matches,57df7a11
316,Juan Mata,es ESP,MF,Manchester Utd,33,1988,2.6,0.00,1.92,0.38,20.0,1.91,0.38,0.00,0.00,16.0,0.00,0.00,0.00,0.12,0.12,0.06,-0.12,-0.12,Matches,29733c72
317,Jean-Philippe Mateta,fr FRA,FW,Crystal Palace,24,1997,12.7,0.39,2.91,1.42,48.6,2.91,1.41,0.14,0.28,10.5,0.00,0.00,0.00,0.43,0.43,0.15,-0.04,-0.04,Matches,50e6dc35
318,Nemanja Matić,rs SRB,MF,Manchester Utd,32,1988,15.4,0.00,0.39,0.06,16.7,0.39,0.07,0.00,0.00,23.4,0.00,0.00,0.00,0.01,0.01,0.03,-0.01,-0.01,Matches,eb7822d7
319,Joël Matip,cm CMR,DF,Liverpool,29,1991,31.0,0.10,1.10,0.23,20.6,1.10,0.23,0.09,0.43,8.7,0.00,0.00,0.00,0.10,0.10,0.09,-0.00,-0.00,Matches,b217ef29
320,Neal Maupay,fr FRA,FW,Brighton,24,1996,25.3,0.32,2.33,0.55,23.7,2.33,0.55,0.12,0.50,15.9,0.00,0.04,0.08,0.30,0.25,0.10,0.01,0.03,Matches,4bcf39f6
321,Bryan Mbeumo,fr FRA,FW,Brentford,21,1999,32.3,0.12,2.38,0.59,24.7,2.39,0.59,0.04,0.16,15.9,0.09,0.03,0.03,0.30,0.28,0.12,-0.18,-0.19,Matches,6afaebf2
322,James McArthur,sct SCO,MF,Crystal Palace,33,1987,16.0,0.00,0.56,0.19,33.3,0.56,0.19,0.00,0.00,19.8,0.00,0.00,0.00,0.02,0.02,0.04,-0.02,-0.02,Matches,cee31595
323,James Mcatee,eng ENG,MFFW,Manchester City,18,2002,0.2,0.00,5.00,0.00,0.0,4.50,0.00,0.00,,13.0,0.00,0.00,0.00,0.00,0.00,0.04,0.00,0.00,Matches,"9,66E+93"
324,Kasey McAteer,eng ENG,FW,Leicester City,19,2001,0.0,0,0,0,,0.00,0.00,,,,0,0,0,0.0,0.0,,0.0,0.0,Matches,b2c66859
325,Liam McCarron,sct SCO,FW,Leeds United,20,2001,0.1,0.00,0.00,0.00,,0.00,0.00,,,,0.00,0.00,0.00,0.00,0.00,,0.00,0.00,Matches,076bb352
326,Alex McCarthy,eng ENG,GK,Southampton,31,1989,17.0,0.00,0.00,0.00,,0.00,0.00,,,,0.00,0.00,0.00,0.00,0.00,,0.00,0.00,Matches,36c2ca73
327,John McGinn,sct SCO,MF,Aston Villa,26,1994,34.3,0.09,1.25,0.44,34.9,1.25,0.44,0.07,0.20,23.8,0.00,0.00,0.00,0.04,0.04,0.04,0.04,0.04,Matches,90f91999
328,Stuart McKinstry,sct SCO,MF,Leeds United,18,2002,0.0,0,0,0,,0.00,0.00,,,,0,0,0,0.0,0.0,,0.0,0.0,Matches,1000a059
329,Kenny McLean,sct SCO,MF,Norwich City,29,1992,30.1,0.03,1.13,0.20,17.6,1.13,0.20,0.03,0.17,18.9,0.00,0.00,0.00,0.06,0.06,0.06,-0.03,-0.03,Matches,471f16b3
330,Dwight McNeil,eng ENG,MF,Burnley,21,1999,34.5,0.00,1.51,0.43,28.8,1.51,0.43,0.00,0.00,22.1,0.12,0.00,0.00,0.07,0.07,0.04,-0.07,-0.07,Matches,fc15fb84
331,Scott McTominay,sct SCO,MF,Manchester Utd,24,1996,26.5,0.04,01.02,0.26,25.9,01.02,0.26,0.04,0.14,19.4,0.00,0.00,0.00,0.06,0.06,0.06,-0.02,-0.02,Matches,d93c2511
332,Ben Mee,eng ENG,DF,Burnley,31,1989,20.4,0.15,0.88,0.20,22.2,0.88,0.20,0.17,0.75,8.0,0.00,0.00,0.00,0.09,0.09,0.11,0.06,0.06,Matches,8df7a2fb
333,Hannibal Mejbri,tn TUN,FW,Manchester Utd,18,2003,0.8,0.00,1.25,1.25,100.0,1.32,1.32,0.00,0.00,22.0,0.00,0.00,0.00,0.13,0.13,0.09,-0.13,-0.13,Matches,ca22ccb0
334,Benjamin Mendy,fr FRA,DF,Manchester City,27,1994,0.9,0.00,0.00,0.00,,0.00,0.00,,,,0.00,0.00,0.00,0.00,0.00,,0.00,0.00,Matches,5271c8f1
335,Edouard Mendy,sn SEN,GK,Chelsea,29,1992,34.0,0.00,0.00,0.00,,0.00,0.00,,,,0.00,0.00,0.00,0.00,0.00,,0.00,0.00,Matches,33887998
336,Nampalys Mendy,sn SEN,MF,Leicester City,29,1992,11.5,0.00,0.09,0.09,100.0,0.09,0.09,0.00,0.00,25.3,0.00,0.00,0.00,0.00,0.00,0.02,0.00,0.00,Matches,1598599e
337,Illan Meslier,fr FRA,GK,Leeds United,21,2000,37.6,0.00,0.00,0.00,,0.00,0.00,,,,0.00,0.00,0.00,0.00,0.00,,0.00,0.00,Matches,6b625ac2
338,Luka Milivojević,rs SRB,MF,Crystal Palace,30,1991,8.6,0.00,0.93,0.00,0.0,0.93,0.00,0.00,,26.6,0.47,0.00,0.00,0.02,0.02,0.03,-0.02,-0.02,Matches,2ce2508a
339,James Milner,eng ENG,MFDF,Liverpool,35,1986,9.5,0.00,01.05,0.21,20.0,01.06,0.21,0.00,0.00,22.8,0.00,0.00,0.00,0.03,0.03,0.03,-0.03,-0.03,Matches,2f90f6b8
340,Yerry Mina,co COL,DF,Everton,26,1994,9.4,0.00,0.64,0.11,16.7,0.64,0.11,0.00,0.00,9.2,0.00,0.00,0.00,0.03,0.03,0.05,-0.03,-0.03,Matches,6d5701f2
341,Takumi Minamino,jp JPN,FWMF,Liverpool,26,1995,2.1,1.43,3.33,1.90,57.1,3.39,1.94,0.43,0.75,13.5,0.00,0.00,0.00,0.86,0.86,0.26,0.57,0.57,Matches,f833a830
342,Tyrone Mings,eng ENG,DF,Aston Villa,28,1993,35.4,0.03,0.59,0.14,23.8,0.59,0.14,0.05,0.20,12.4,0.00,0.00,0.00,0.04,0.04,0.07,-0.01,-0.01,Matches,8397a50c
343,Tyrick Mitchell,eng ENG,DF,Crystal Palace,21,1999,34.5,0.00,0.14,0.03,20.0,0.15,0.03,0.00,0.00,15.4,0.00,0.00,0.00,0.01,0.01,0.07,-0.01,-0.01,Matches,5cbd1eb0
344,Jakub Moder,pl POL,MFFW,Brighton,22,1999,18.9,0.00,1.48,0.32,21.4,1.48,0.32,0.00,0.00,16.5,0.11,0.00,0.00,0.13,0.13,0.09,-0.13,-0.13,Matches,f230bc30
345,Wesley Moraes,br BRA,FW,Aston Villa,24,1996,0.0,0,0,0,,0.00,0.00,,,,0,0,0,0.0,0.0,,0.0,0.0,Matches,bfae110f
346,Tyler Morton,eng ENG,MF,Liverpool,18,2002,0.7,0.00,0.00,0.00,,0.00,0.00,,,,0.00,0.00,0.00,0.00,0.00,,0.00,0.00,Matches,2bc28bb9
347,Mason Mount,eng ENG,MFFW,Chelsea,22,1999,26.3,0.42,2.85,01.03,36.0,2.86,01.03,0.13,0.37,17.6,0.23,0.04,0.04,0.34,0.31,0.11,0.08,0.07,Matches,9674002f
348,Lucas Moura,br BRA,FWMF,Tottenham,28,1992,19.7,0.10,1.93,0.56,28.9,1.93,0.56,0.05,0.18,15.6,0.00,0.00,0.00,0.19,0.19,0.10,-0.09,-0.09,Matches,2b622f01
349,João Moutinho,pt POR,MF,Wolves,34,1986,33.0,0.06,0.61,0.21,35.0,0.61,0.21,0.10,0.29,23.7,0.12,0.00,0.00,0.03,0.03,0.05,0.03,0.03,Matches,f5a00fa4
350,Bali Mumba,eng ENG,DF,Norwich City,19,2001,0.5,0.00,0.00,0.00,,0.00,0.00,,,,0.00,0.00,0.00,0.00,0.00,,0.00,0.00,Matches,2d760d7b
351,Jacob Murphy,eng ENG,FWDF,Newcastle Utd,26,1995,16.4,0.06,1.71,0.37,21.4,1.71,0.37,0.04,0.17,19.7,0.06,0.00,0.00,0.18,0.18,0.10,-0.12,-0.12,Matches,de112b84
352,Enock Mwepu,zm ZAM,MFFW,Brighton,23,1998,11.1,0.18,1.71,0.72,42.1,1.72,0.72,0.11,0.25,19.6,0.00,0.00,0.00,0.17,0.17,0.10,0.01,0.01,Matches,1d5cab82
353,Vitaliy Mykolenko,ua UKR,DF,Everton,22,1999,11.7,0.09,0.68,0.17,25.0,0.68,0.17,0.13,0.50,18.3,0.00,0.00,0.00,0.07,0.07,0.10,0.02,0.02,Matches,30d4a2e5
354,Marvelous Nakamba,zw ZIM,MF,Aston Villa,27,1994,10.0,0.00,0.00,0.00,,0.00,0.00,,,,0.00,0.00,0.00,0.00,0.00,,0.00,0.00,Matches,de5b5570
355,Wilfred Ndidi,ng NGA,MFDF,Leicester City,24,1996,18.0,0.00,0.83,0.22,26.7,0.83,0.22,0.00,0.00,18.0,0.00,0.00,0.00,0.06,0.06,0.07,-0.06,-0.06,Matches,6b47c5db
356,Tanguy Ndombele,fr FRA,MF,Tottenham,24,1996,5.4,0.19,1.67,0.56,33.3,1.67,0.56,0.11,0.33,17.3,0.00,0.00,0.00,0.09,0.09,0.05,0.09,0.09,Matches,5cdddffa
357,Reiss Nelson,eng ENG,FW,Arsenal,21,1999,0.2,0.00,5.00,0.00,0.0,4.50,0.00,0.00,,18.0,0.00,0.00,0.00,0.00,0.00,0.04,0.00,0.00,Matches,c5bdb6e3
358,Pedro Neto,pt POR,FWMF,Wolves,21,2000,5.2,0.19,3.27,0.77,23.5,3.28,0.77,0.06,0.25,18.7,0.38,0.00,0.00,0.29,0.29,0.09,-0.10,-0.10,Matches,7ba2eaa9
359,Rúben Neves,pt POR,MF,Wolves,24,1997,29.6,0.14,1.42,0.54,38.1,1.42,0.54,0.10,0.25,26.0,0.14,0.00,0.00,0.04,0.04,0.03,0.09,0.09,Matches,44bfb6c5
360,Jeremy Ngakia,eng ENG,DF,Watford,20,2000,10.0,0.00,0.50,0.00,0.0,0.50,0.00,0.00,,26.3,0.00,0.00,0.00,0.01,0.01,0.02,-0.01,-0.01,Matches,3631ad41
361,Saúl Ñíguez,es ESP,MFDF,Chelsea,26,1994,5.3,0.00,0.94,0.19,20.0,0.94,0.19,0.00,0.00,21.8,0.00,0.00,0.00,0.04,0.04,0.05,-0.04,-0.04,Matches,c14bc029
362,Eddie Nketiah,eng ENG,FW,Arsenal,22,1999,9.3,0.54,03.01,1.29,42.9,03.02,1.29,0.18,0.42,14.2,0.00,0.00,0.00,0.49,0.49,0.17,0.04,0.04,Matches,a53649b7
363,Nicolas Nkoulou,cm CMR,DF,Watford,31,1990,1.9,0.00,0.00,0.00,,0.00,0.00,,,,0.00,0.00,0.00,0.00,0.00,,0.00,0.00,Matches,93cf32a8
364,Mark Noble,eng ENG,MF,West Ham,34,1987,3.7,0.27,0.00,0.00,,0.00,0.00,,,,0.00,0.27,0.54,0.41,0.00,,-0.14,0.00,Matches,ff527768
365,Mathias Normann,no NOR,MF,Norwich City,25,1996,18.3,0.05,1.42,0.27,19.2,1.42,0.27,0.04,0.20,26.6,0.33,0.00,0.00,0.05,0.05,0.04,0.01,0.01,Matches,8996350d
366,Christian Nørgaard,dk DEN,MF,Brentford,27,1994,33.9,0.09,0.80,0.24,29.6,0.80,0.24,0.11,0.38,13.1,0.00,0.00,0.00,0.09,0.09,0.12,-0.01,-0.01,Matches,df0a4c90
367,Angelo Ogbonna,it ITA,DF,West Ham,33,1988,10.2,0.10,0.29,0.10,33.3,0.29,0.10,0.33,1.00,11.1,0.00,0.00,0.00,0.03,0.03,0.09,0.07,0.07,Matches,74b2cd7e
368,Michael Olise,fr FRA,FWMF,Crystal Palace,19,2001,12.7,0.16,1.50,0.79,52.6,1.50,0.79,0.11,0.20,17.2,0.16,0.00,0.00,0.11,0.11,0.07,0.05,0.05,Matches,c4486bac
369,Robin Olsen,se SWE,GK,Aston Villa,31,1990,1.0,0.00,0.00,0.00,,0.00,0.00,,,,0.00,0.00,0.00,0.00,0.00,,0.00,0.00,Matches,e7ee38c3
370,Andrew Omobamidele,ie IRL,DF,Norwich City,19,2002,4.2,0.24,0.48,0.24,50.0,0.47,0.24,0.50,1.00,6.5,0.00,0.00,0.00,0.07,0.07,0.17,0.17,0.17,Matches,c393a6c4
371,Tyler Onyango,eng ENG,MFFW,Everton,18,2003,0.3,0.00,3.33,0.00,0.0,3.21,0.00,0.00,,11.0,0.00,0.00,0.00,0.00,0.00,0.03,0.00,0.00,Matches,d86a1f3e
372,Frank Onyeka,ng NGA,MF,Brentford,23,1998,11.6,0.00,1.38,0.43,31.3,1.38,0.43,0.00,0.00,17.5,0.00,0.00,0.00,0.09,0.09,0.07,-0.09,-0.09,Matches,2944f86f
373,Divock Origi,be BEL,FW,Liverpool,26,1995,1.5,2.00,6.67,3.33,50.0,6.77,3.38,0.30,0.60,13.9,0.00,0.00,0.00,01.07,01.07,0.16,0.93,0.93,Matches,43a166b4
374,Alex Oxlade-Chamberlain,eng ENG,MFFW,Liverpool,27,1993,8.7,0.23,2.41,0.34,14.3,2.41,0.34,0.10,0.67,20.3,0.00,0.00,0.00,0.14,0.14,0.06,0.09,0.09,Matches,38c7feef
375,Cole Palmer,eng ENG,FWMF,Manchester City,19,2002,1.4,0.00,2.86,0.71,25.0,2.93,0.73,0.00,0.00,20.1,0.00,0.00,0.00,0.21,0.21,0.08,-0.21,-0.21,Matches,dc7f8a28
376,Emerson Palmieri,it ITA,DF,Chelsea,26,1994,0.1,0.00,0.00,0.00,,0.00,0.00,,,,0.00,0.00,0.00,0.00,0.00,,0.00,0.00,Matches,e0bc6fdc
377,Thomas Partey,gh GHA,MF,Arsenal,28,1993,22.5,0.09,1.96,0.40,20.5,1.95,0.40,0.05,0.22,21.1,0.09,0.00,0.00,0.11,0.11,0.06,-0.02,-0.02,Matches,529f49ab
378,João Pedro,br BRA,FWMF,Watford,19,2001,18.3,0.16,2.57,0.87,34.0,2.57,0.88,0.06,0.19,15.6,0.05,0.00,0.00,0.23,0.23,0.09,-0.07,-0.07,Matches,e8832875
379,Nicolas Pépé,ci CIV,FWMF,Arsenal,26,1995,7.7,0.13,2.99,0.91,30.4,2.97,0.91,0.04,0.14,15.2,0.39,0.00,0.00,0.38,0.38,0.13,-0.25,-0.25,Matches,57e3f0c7
380,Ricardo Pereira,pt POR,DF,Leicester City,27,1993,11.0,0.09,0.91,0.18,20.0,0.91,0.18,0.10,0.50,16.3,0.00,0.00,0.00,0.06,0.06,0.07,0.03,0.03,Matches,75a72a99
381,Ayoze Pérez,es ESP,MFFW,Leicester City,28,1993,4.9,0.41,2.24,1.22,54.5,2.22,1.21,0.18,0.33,15.0,0.00,0.00,0.00,0.31,0.31,0.14,0.10,0.10,Matches,819aa8e7
382,Sonny Perkins,eng ENG,FW,West Ham,17,2004,0.0,0,0,0,,0.00,0.00,,,,0,0,0,0.0,0.0,,0.0,0.0,Matches,87f12e30
383,Romain Perraud,fr FRA,DF,Southampton,23,1997,18.0,0.00,01.06,0.17,15.8,01.05,0.17,0.00,0.00,20.3,0.00,0.00,0.00,0.05,0.05,0.05,-0.05,-0.05,Matches,6dfd8f05
384,Kalvin Phillips,eng ENG,MF,Leeds United,25,1995,17.7,0.00,0.85,0.17,20.0,0.85,0.17,0.00,0.00,23.9,0.06,0.00,0.00,0.03,0.03,0.04,-0.03,-0.03,Matches,4f565d77
385,Jaden Philogene Bidace,eng ENG,FW,Aston Villa,19,2002,0.1,0.00,0.00,0.00,,0.00,0.00,,,,0.00,0.00,0.00,0.00,0.00,,0.00,0.00,Matches,19f4d211
386,Jordan Pickford,eng ENG,GK,Everton,27,1994,35.0,0.00,0.00,0.00,,0.00,0.00,,,,0.00,0.00,0.00,0.00,0.00,,0.00,0.00,Matches,4806ec67
387,Erik Pieters,nl NED,DF,Burnley,32,1988,8.1,0.00,0.86,0.00,0.0,0.86,0.00,0.00,,23.8,0.00,0.00,0.00,0.02,0.02,0.03,-0.02,-0.02,Matches,1ef37668
388,Ethan Pinnock,jm JAM,DF,Brentford,28,1993,29.9,0.03,0.60,0.27,44.4,0.60,0.27,0.06,0.13,9.0,0.00,0.00,0.00,0.05,0.05,0.08,-0.02,-0.02,Matches,e541326e
389,Daniel Podence,pt POR,FWMF,Wolves,25,1995,16.5,0.12,2.12,0.91,42.9,2.12,0.91,0.06,0.13,21.7,0.06,0.00,0.00,0.12,0.12,0.06,0.01,0.01,Matches,7fcc71d8
390,Paul Pogba,fr FRA,MFFW,Manchester Utd,28,1993,15.0,0.07,2.13,0.53,25.0,2.13,0.53,0.03,0.13,17.3,0.00,0.00,0.00,0.16,0.16,0.08,-0.09,-0.09,Matches,867239d3
391,Nick Pope,eng ENG,GK,Burnley,29,1992,36.0,0.00,0.00,0.00,,0.00,0.00,,,,0.00,0.00,0.00,0.00,0.00,,0.00,0.00,Matches,4b40d9ca
392,Isaac Price,nir NIR,MF,Everton,17,2003,0.2,0.00,5.00,0.00,0.0,6.43,0.00,0.00,,7.8,0.00,0.00,0.00,1.00,1.00,0.16,-1.00,-1.00,Matches,b9403c99
393,Teemu Pukki,fi FIN,FW,Norwich City,31,1990,36.1,0.30,1.88,0.66,35.3,1.88,0.66,0.12,0.33,14.9,0.00,0.08,0.08,0.32,0.25,0.14,-0.01,-0.03,Matches,0745b37d
394,Christian Pulisic,us USA,MFFW,Chelsea,22,1998,14.3,0.42,1.96,0.77,39.3,1.95,0.77,0.21,0.55,12.9,0.00,0.00,0.00,0.36,0.36,0.18,0.06,0.06,Matches,1bf33a9a
395,Przemysław Płacheta,pl POL,FWMF,Norwich City,23,1998,5.6,0.00,1.43,1.25,87.5,1.43,1.25,0.00,0.00,16.7,0.00,0.00,0.00,0.09,0.09,0.07,-0.09,-0.09,Matches,3c33f9d9
396,Jesuran Rak Sakyi,eng ENG,FWMF,Crystal Palace,18,2002,0.9,0.00,0.00,0.00,,0.00,0.00,,,,0.00,0.00,0.00,0.00,0.00,,0.00,0.00,Matches,45685411
397,Aaron Ramsdale,eng ENG,GK,Arsenal,23,1998,34.0,0.00,0.00,0.00,,0.00,0.00,,,,0.00,0.00,0.00,0.00,0.00,,0.00,0.00,Matches,466fb2c5
398,Jacob Ramsey,eng ENG,MF,Aston Villa,20,2001,27.4,0.22,1.24,0.40,32.4,1.24,0.40,0.18,0.55,17.8,0.00,0.00,0.00,0.14,0.14,0.11,0.08,0.08,Matches,1544f145
399,Marcus Rashford,eng ENG,FWMF,Manchester Utd,23,1997,13.7,0.29,1.61,0.88,54.5,1.60,0.87,0.18,0.33,17.5,0.07,0.00,0.00,0.18,0.18,0.11,0.12,0.12,Matches,a1d5bd30
400,Milot Rashica,xk KVX,FWMF,Norwich City,25,1996,24.8,0.04,1.81,0.65,35.6,1.82,0.65,0.02,0.06,21.4,0.28,0.00,0.00,0.11,0.11,0.06,-0.07,-0.07,Matches,6c6a3300
401,David Raya,es ESP,GK,Brentford,25,1995,24.0,0.00,0.00,0.00,,0.00,0.00,,,,0.00,0.00,0.00,0.00,0.00,,0.00,0.00,Matches,98ea5115
402,Nathan Redmond,eng ENG,MFFW,Southampton,27,1994,20.4,0.05,1.23,0.44,36.0,1.23,0.44,0.04,0.11,20.0,0.05,0.00,0.00,0.09,0.09,0.08,-0.04,-0.04,Matches,ab651565
403,Sergio Reguilón,es ESP,DF,Tottenham,24,1996,21.3,0.09,0.99,0.42,42.9,0.99,0.42,0.10,0.22,14.9,0.00,0.00,0.00,0.14,0.14,0.14,-0.05,-0.05,Matches,3353737a
404,Declan Rice,eng ENG,MF,West Ham,22,1999,35.3,0.03,0.74,0.23,30.8,0.74,0.23,0.04,0.13,21.7,0.03,0.00,0.00,0.03,0.03,0.04,-0.00,-0.00,Matches,1c7012b8
405,Taylor Richards,eng ENG,MFFW,Brighton,20,2000,0.3,0.00,3.33,0.00,0.0,3.60,0.00,0.00,,24.0,0.00,0.00,0.00,0.00,0.00,0.04,0.00,0.00,Matches,e0243d23
406,Richarlison,br BRA,FWMF,Everton,24,1997,28.0,0.36,2.50,0.71,28.6,2.50,0.71,0.10,0.35,15.8,0.07,0.11,0.11,0.36,0.28,0.11,-0.01,-0.03,Matches,fa031b34
407,Jaïro Riedewald,nl NED,MF,Crystal Palace,24,1996,1.3,0.00,0.00,0.00,,0.00,0.00,,,,0.00,0.00,0.00,0.00,0.00,,0.00,0.00,Matches,7a1f2c08
408,Matt Ritchie,sct SCO,DF,Newcastle Utd,31,1989,14.9,0.00,0.67,0.20,30.0,0.67,0.20,0.00,0.00,22.0,0.07,0.00,0.00,0.03,0.03,0.04,-0.03,-0.03,Matches,71ef519e
409,Connor Roberts,wls WAL,DF,Burnley,25,1995,18.8,0.05,0.32,0.21,66.7,0.32,0.21,0.17,0.25,21.3,0.00,0.00,0.00,0.01,0.01,0.04,0.04,0.04,Matches,24fae784
410,Tyler Roberts,wls WAL,MFFW,Leeds United,22,1999,11.0,0.09,2.73,01.09,40.0,2.74,01.09,0.03,0.08,18.5,0.00,0.00,0.00,0.22,0.22,0.08,-0.13,-0.13,Matches,6c17e046
411,Andrew Robertson,sct SCO,DF,Liverpool,27,1994,28.2,0.11,0.64,0.28,44.4,0.64,0.28,0.17,0.38,17.2,0.00,0.00,0.00,0.07,0.07,0.10,0.04,0.04,Matches,2e4f5f03
412,Joe Rodon,wls WAL,DF,Tottenham,23,1997,1.0,0.00,0.00,0.00,,0.00,0.00,,,,0.00,0.00,0.00,0.00,0.00,,0.00,0.00,Matches,8d62d31a
413,Rodri,es ESP,MF,Manchester City,25,1996,32.0,0.22,1.41,0.44,31.1,1.40,0.44,0.16,0.50,18.2,0.00,0.00,0.00,0.08,0.08,0.06,0.13,0.13,Matches,6434f10d
414,Rodrigo,es ESP,MFFW,Leeds United,30,1991,25.2,0.24,1.90,0.67,35.4,1.91,0.68,0.10,0.29,18.0,0.00,0.04,0.04,0.19,0.16,0.09,0.04,0.04,Matches,1fb1c435
415,Jay Rodriguez,eng ENG,FW,Burnley,32,1989,15.4,0.13,2.66,0.71,26.8,2.67,0.72,0.05,0.18,14.2,0.00,0.00,0.00,0.31,0.31,0.11,-0.18,-0.18,Matches,4ab53cdb
416,Mads Roerslev,dk DEN,DF,Brentford,22,1999,13.8,0.07,0.36,0.14,40.0,0.36,0.15,0.20,0.50,17.5,0.00,0.00,0.00,0.02,0.02,0.06,0.05,0.05,Matches,57c94db2
417,Cristian Romero,ar ARG,DF,Tottenham,23,1998,20.5,0.05,0.29,0.10,33.3,0.29,0.10,0.17,0.50,13.3,0.00,0.00,0.00,0.03,0.03,0.11,0.01,0.01,Matches,a3d94a58
418,Oriol Romeu,es ESP,MF,Southampton,29,1991,32.1,0.06,0.78,0.12,16.0,0.78,0.12,0.08,0.50,20.9,0.00,0.00,0.00,0.04,0.04,0.05,0.02,0.02,Matches,4b511457
419,Cristiano Ronaldo,pt POR,FW,Manchester Utd,36,1985,27.3,0.66,3.96,1.43,36.1,3.96,1.43,0.14,0.38,15.0,0.29,0.11,0.11,0.60,0.52,0.13,0.05,0.03,Matches,dea698d9
420,Salomón Rondón,ve VEN,FW,Everton,31,1989,8.8,0.11,2.39,0.68,28.6,2.39,0.68,0.05,0.17,11.6,0.00,0.00,0.00,0.25,0.25,0.10,-0.14,-0.14,Matches,b318a643
421,Danny Rose,eng ENG,DF,Watford,31,1990,7.7,0.00,0.52,0.13,25.0,0.52,0.13,0.00,0.00,19.7,0.00,0.00,0.00,0.03,0.03,0.04,-0.03,-0.03,Matches,89d10e53
422,Jon Rowe,eng ENG,FWMF,Norwich City,18,2003,2.5,0.00,1.20,0.80,66.7,1.21,0.81,0.00,0.00,15.6,0.00,0.00,0.00,0.16,0.16,0.13,-0.16,-0.16,Matches,8c12f884
423,John Ruddy,eng ENG,GK,Wolves,34,1986,1.5,0.00,0.00,0.00,,0.00,0.00,,,,0.00,0.00,0.00,0.00,0.00,,0.00,0.00,Matches,da8b19e2
424,Antonio Rüdiger,de GER,DF,Chelsea,28,1993,33.7,0.09,1.42,0.39,27.1,1.42,0.39,0.06,0.23,19.5,0.00,0.00,0.00,0.08,0.08,0.06,0.01,0.01,Matches,18b896d6
425,Lukas Rupp,de GER,MF,Norwich City,30,1991,8.5,0.00,1.41,0.24,16.7,1.40,0.23,0.00,0.00,19.4,0.00,0.00,0.00,0.08,0.08,0.06,-0.08,-0.08,Matches,3faa1780
426,José Sá,pt POR,GK,Wolves,28,1993,36.5,0.00,0.00,0.00,,0.00,0.00,,,,0.00,0.00,0.00,0.00,0.00,,0.00,0.00,Matches,903b6e8b
427,Allan Saint-Maximin,fr FRA,FWMF,Newcastle Utd,24,1997,31.2,0.16,02.05,0.83,40.6,02.05,0.83,0.08,0.19,19.0,0.00,0.00,0.00,0.16,0.16,0.08,-0.00,-0.00,Matches,2b16cb1a
428,Romain Saïss,ma MAR,DF,Wolves,31,1990,30.1,0.07,0.60,0.20,33.3,0.60,0.20,0.11,0.33,11.8,0.03,0.00,0.00,0.09,0.09,0.15,-0.02,-0.02,Matches,9fbbcf39
429,Bukayo Saka,eng ENG,FWMF,Arsenal,19,2001,33.1,0.33,2.87,0.88,30.5,2.87,0.88,0.09,0.31,16.9,0.00,0.06,0.06,0.29,0.25,0.09,0.04,0.02,Matches,bc7dc64d
430,Mohamed Salah,eg EGY,FW,Liverpool,29,1992,30.7,0.75,4.36,1.60,36.6,4.37,1.60,0.13,0.37,15.5,0.03,0.16,0.20,0.71,0.55,0.13,0.04,0.03,Matches,e342ad68
431,Mohammed Salisu,gh GHA,DF,Southampton,22,1999,33.0,0.00,0.76,0.24,32.0,0.76,0.24,0.00,0.00,11.0,0.00,0.00,0.00,0.05,0.05,0.07,-0.05,-0.05,Matches,0b33f6ad
432,Albert Sambi Lokonga,be BEL,MF,Arsenal,21,1999,12.6,0.00,1.59,0.63,40.0,1.59,0.63,0.00,0.00,25.0,0.00,0.00,0.00,0.05,0.05,0.03,-0.05,-0.05,Matches,1b4f1169
433,Davinson Sánchez,co COL,DF,Tottenham,25,1996,18.1,0.11,0.72,0.17,23.1,0.72,0.17,0.15,0.67,8.1,0.00,0.00,0.00,0.12,0.12,0.16,-0.01,-0.01,Matches,da7b447d
434,Robert Sánchez,es ESP,GK,Brighton,23,1997,37.0,0.00,0.00,0.00,,0.00,0.00,,,,0.00,0.00,0.00,0.00,0.00,,0.00,0.00,Matches,6a713852
435,Jadon Sancho,eng ENG,FWMF,Manchester Utd,21,2000,21.1,0.14,1.23,0.43,34.6,1.23,0.43,0.12,0.33,14.6,0.00,0.00,0.00,0.16,0.16,0.13,-0.01,-0.01,Matches,dbf053da
436,Morgan Sanson,fr FRA,MF,Aston Villa,26,1994,4.0,0.00,0.25,0.00,0.0,0.25,0.00,0.00,,33.8,0.00,0.00,0.00,0.00,0.00,0.01,0.00,0.00,Matches,6e7f1353
437,Samir Santos,br BRA,DF,Watford,26,1994,18.6,0.00,0.43,0.11,25.0,0.43,0.11,0.00,0.00,11.6,0.00,0.00,0.00,0.02,0.02,0.04,-0.02,-0.02,Matches,92b4758e
438,Josh Sargent,us USA,FWMF,Norwich City,21,2000,17.5,0.11,1.49,0.11,7.7,1.49,0.11,0.08,1.00,15.3,0.00,0.00,0.00,0.15,0.15,0.11,-0.04,-0.04,Matches,a8d4428b
439,Jeremy Sarmiento,ec ECU,FWMF,Brighton,19,2002,0.5,0.00,0.00,0.00,,0.00,0.00,,,,0.00,0.00,0.00,0.00,0.00,,0.00,0.00,Matches,ac0d576d
440,Ismaila Sarr,sn SEN,FWMF,Watford,23,1998,20.7,0.24,1.84,0.72,39.5,1.84,0.73,0.13,0.33,18.2,0.00,0.00,0.05,0.20,0.17,0.09,0.04,0.07,Matches,bfdb33aa
441,Malang Sarr,fr FRA,DF,Chelsea,22,1999,6.1,0.00,0.16,0.00,0.0,0.16,0.00,0.00,,21.5,0.00,0.00,0.00,0.00,0.00,0.05,0.00,0.00,Matches,4315f30d
442,Dane Scarlett,eng ENG,MF,Tottenham,17,2004,0.0,0,0,0,,0.00,0.00,,,,0,0,0,0.0,0.0,,0.0,0.0,Matches,21945a9e
443,Fabian Schär,ch SUI,DF,Newcastle Utd,29,1991,24.0,0.08,0.83,0.25,30.0,0.83,0.25,0.10,0.33,16.9,0.13,0.00,0.00,0.05,0.05,0.07,0.03,0.03,Matches,c8aa95da
444,Jeffrey Schlupp,gh GHA,MFFW,Crystal Palace,28,1992,20.6,0.19,1.60,0.44,27.3,1.60,0.44,0.12,0.44,13.4,0.00,0.00,0.00,0.15,0.15,0.09,0.04,0.04,Matches,3312f911
445,Kasper Schmeichel,dk DEN,GK,Leicester City,34,1986,37.0,0.00,0.00,0.00,,0.00,0.00,,,,0.00,0.00,0.00,0.00,0.00,,0.00,0.00,Matches,53af52f3
446,Ken Sema,se SWE,MFFW,Watford,27,1993,9.5,0.00,0.32,0.11,33.3,0.32,0.11,0.00,0.00,21.1,0.11,0.00,0.00,0.02,0.02,0.06,-0.02,-0.02,Matches,1770bd68
447,Nélson Semedo,pt POR,DF,Wolves,27,1993,23.7,0.00,0.80,0.17,21.1,0.80,0.17,0.00,0.00,20.3,0.00,0.00,0.00,0.06,0.06,0.07,-0.06,-0.06,Matches,d04b94db
448,Ryan Sessegnon,eng ENG,DF,Tottenham,21,2000,11.6,0.00,0.52,0.09,16.7,0.52,0.09,0.00,0.00,13.6,0.00,0.00,0.00,0.03,0.03,0.06,-0.03,-0.03,Matches,6aa3e78b
449,Jamie Shackleton,eng ENG,DFMF,Leeds United,21,1999,7.9,0.00,0.51,0.13,25.0,0.51,0.13,0.00,0.00,18.8,0.00,0.00,0.00,0.03,0.03,0.05,-0.03,-0.03,Matches,8d03ca5a
450,Luke Shaw,eng ENG,DF,Manchester Utd,26,1995,17.8,0.00,0.34,0.06,16.7,0.34,0.06,0.00,0.00,23.6,0.00,0.00,0.00,0.01,0.01,0.03,-0.01,-0.01,Matches,9c94165b
451,Jonjo Shelvey,eng ENG,MF,Newcastle Utd,29,1992,22.0,0.09,1.32,0.64,48.3,1.32,0.64,0.07,0.14,26.3,0.27,0.00,0.00,0.04,0.04,0.03,0.05,0.05,Matches,3727dd3c
452,Shola Shoretire,eng ENG,FW,Manchester Utd,17,2004,0.2,0.00,0.00,0.00,,0.00,0.00,,,,0.00,0.00,0.00,0.00,0.00,,0.00,0.00,Matches,00f0482f
453,Francisco Sierralta,cl CHI,DF,Watford,24,1997,4.7,0.00,0.21,0.21,100.0,0.21,0.21,0.00,0.00,9.0,0.00,0.00,0.00,0.00,0.00,0.05,0.00,0.00,Matches,0f933743
454,Bernardo Silva,pt POR,MFFW,Manchester City,26,1994,31.7,0.25,1.48,0.60,40.4,1.48,0.60,0.17,0.42,12.4,0.00,0.00,0.00,0.21,0.21,0.14,0.04,0.04,Matches,3eb22ec9
455,Fábio Silva,pt POR,FW,Wolves,19,2002,6.4,0.00,2.97,0.78,26.3,2.99,0.79,0.00,0.00,13.2,0.00,0.00,0.00,0.36,0.36,0.12,-0.36,-0.36,Matches,e7aa9d7c
456,Thiago Silva,br BRA,DF,Chelsea,36,1984,29.4,0.10,0.61,0.17,27.8,0.61,0.17,0.17,0.60,10.7,0.00,0.00,0.00,0.03,0.03,0.05,0.07,0.07,Matches,86e7deaf
457,Ellis Simms,eng ENG,FW,Everton,20,2001,0.7,0.00,0.00,0.00,,0.00,0.00,,,,0.00,0.00,0.00,0.00,0.00,,0.00,0.00,Matches,26d3b5be
458,Moussa Sissoko,fr FRA,MF,Watford,31,1989,35.8,0.06,0.70,0.22,32.0,0.70,0.22,0.08,0.25,16.4,0.00,0.00,0.00,0.09,0.09,0.14,-0.04,-0.04,Matches,2acd49b9
459,Oliver Skipp,eng ENG,MF,Tottenham,20,2000,15.0,0.00,0.27,0.07,25.0,0.27,0.07,0.00,0.00,24.1,0.00,0.00,0.00,0.01,0.01,0.05,-0.01,-0.01,Matches,6250083a
460,William Smallbone,ie IRL,MFFW,Southampton,21,2000,1.5,0.00,0.67,0.00,0.0,0.68,0.00,0.00,,17.5,0.00,0.00,0.00,0.07,0.07,0.08,-0.07,-0.07,Matches,5e105217
461,Emile Smith Rowe,eng ENG,MFFW,Arsenal,21,2000,21.3,0.47,1.88,01.08,57.5,1.87,01.08,0.25,0.43,15.5,0.00,0.00,0.00,0.27,0.27,0.14,0.20,0.20,Matches,17695062
462,Cédric Soares,pt POR,DF,Arsenal,29,1991,16.5,0.06,0.73,0.06,8.3,0.73,0.06,0.08,1.00,21.7,0.12,0.00,0.00,0.03,0.03,0.04,0.03,0.03,Matches,839c14e1
463,Tomáš Souček,cz CZE,MF,West Ham,26,1995,34.0,0.15,1.32,0.32,24.4,1.32,0.32,0.11,0.45,11.9,0.00,0.00,0.00,0.14,0.13,0.10,0.01,0.02,Matches,6613c819
464,Boubakary Soumaré,fr FRA,MF,Leicester City,22,1999,12.2,0.00,0.49,0.16,33.3,0.49,0.16,0.00,0.00,17.4,0.00,0.00,0.00,0.03,0.03,0.07,-0.03,-0.03,Matches,ae59b359
465,Çağlar Söyüncü,tr TUR,DF,Leicester City,25,1996,27.7,0.04,0.29,0.04,12.5,0.29,0.04,0.13,1.00,12.0,0.00,0.00,0.00,0.05,0.05,0.17,-0.01,-0.01,Matches,21166ff4
466,Tony Springett,eng ENG,FWMF,Norwich City,18,2002,1.6,0.00,0.63,0.63,100.0,0.64,0.64,0.00,0.00,13.0,0.00,0.00,0.00,0.19,0.19,0.27,-0.19,-0.19,Matches,35be8087
467,Jason Steele,eng ENG,GK,Brighton,30,1990,1.0,0.00,0.00,0.00,,0.00,0.00,,,,0.00,0.00,0.00,0.00,0.00,,0.00,0.00,Matches,28300a16
468,Jed Steer,eng ENG,GK,Aston Villa,28,1992,1.0,0.00,0.00,0.00,,0.00,0.00,,,,0.00,0.00,0.00,0.00,0.00,,0.00,0.00,Matches,a8a3d139
469,Zack Steffen,us USA,GK,Manchester City,26,1995,1.0,0.00,0.00,0.00,,0.00,0.00,,,,0.00,0.00,0.00,0.00,0.00,,0.00,0.00,Matches,42130443
470,Dale Stephens,eng ENG,MF,Burnley,32,1989,1.4,0.00,0.71,0.00,0.0,0.73,0.00,0.00,,21.0,0.00,0.00,0.00,0.00,0.00,0.03,0.00,0.00,Matches,653ee42d
471,Jack Stephens,eng ENG,DF,Southampton,27,1994,9.0,0.00,0.00,0.00,,0.00,0.00,,,,0.00,0.00,0.00,0.00,0.00,,0.00,0.00,Matches,6adbc307
472,Raheem Sterling,eng ENG,FW,Manchester City,26,1994,23.6,0.55,2.29,01.06,46.3,2.28,01.06,0.20,0.44,13.8,0.00,0.08,0.13,0.61,0.51,0.22,-0.06,-0.04,Matches,b400bde0
473,Finley Stevens,wls WAL,DF,Brentford,18,2003,0.2,0.00,0.00,0.00,,0.00,0.00,,,,0.00,0.00,0.00,0.00,0.00,,0.00,0.00,Matches,7e003182
474,John Stones,eng ENG,DF,Manchester City,27,1994,12.4,0.08,0.73,0.40,55.6,0.72,0.40,0.11,0.20,12.8,0.00,0.00,0.00,0.08,0.08,0.12,0.00,0.00,Matches,5eecec3d
475,Pascal Struijk,nl NED,DF,Leeds United,21,1999,22.8,0.04,0.48,0.13,27.3,0.48,0.13,0.09,0.33,7.8,0.00,0.00,0.00,0.06,0.06,0.12,-0.01,-0.01,Matches,f4d296e4
476,Crysencio Summerville,nl NED,MFFW,Leeds United,19,2001,1.4,0.00,1.43,0.00,0.0,1.38,0.00,0.00,,11.9,0.00,0.00,0.00,0.21,0.21,0.13,-0.21,-0.21,Matches,df04eb4b
477,Jakob Sørensen,dk DEN,MFDF,Norwich City,23,1998,6.7,0.00,0.75,0.15,20.0,0.75,0.15,0.00,0.00,14.4,0.00,0.00,0.00,0.06,0.06,0.08,-0.06,-0.06,Matches,953c30b0
478,Japhet Tanganga,eng ENG,DF,Tottenham,22,1999,8.2,0.00,0.85,0.24,28.6,0.86,0.24,0.00,0.00,13.1,0.00,0.00,0.00,0.05,0.05,0.05,-0.05,-0.05,Matches,e9971f2d
479,Matt Targett,eng ENG,DF,Aston Villa,25,1995,15.9,0.06,0.44,0.13,28.6,0.44,0.13,0.14,0.50,13.4,0.00,0.00,0.00,0.03,0.03,0.07,0.03,0.03,Matches,e514ab62
480,Matt Targett,eng ENG,DF,Newcastle Utd,25,1995,16.0,0.00,0.38,0.19,50.0,0.37,0.19,0.00,0.00,16.4,0.00,0.00,0.00,0.02,0.02,0.05,-0.02,-0.02,Matches,e514ab62
481,James Tarkowski,eng ENG,DF,Burnley,28,1992,34.5,0.03,0.67,0.17,26.1,0.67,0.17,0.04,0.17,10.6,0.00,0.00,0.00,0.06,0.06,0.09,-0.03,-0.03,Matches,15ea812b
482,Nuno Tavares,pt POR,DF,Arsenal,21,2000,13.1,0.08,1.76,0.15,8.7,1.76,0.15,0.04,0.50,19.8,0.00,0.00,0.00,0.11,0.11,0.06,-0.04,-0.04,Matches,a65c844b
483,Charlie Taylor,eng ENG,DF,Burnley,27,1993,30.3,0.00,0.23,0.00,0.0,0.23,0.00,0.00,,21.6,0.00,0.00,0.00,0.01,0.01,0.03,-0.01,-0.01,Matches,cc2d7ad5
484,Nathan Tella,eng ENG,MFFW,Southampton,22,1999,8.9,0.00,1.35,0.56,41.7,1.34,0.56,0.00,0.00,20.9,0.00,0.00,0.00,0.06,0.06,0.04,-0.06,-0.06,Matches,f1e94cd6
485,Alex Telles,br BRA,DF,Manchester Utd,28,1992,18.4,0.00,0.54,0.16,30.0,0.54,0.16,0.00,0.00,23.0,0.22,0.00,0.00,0.03,0.03,0.05,-0.03,-0.03,Matches,e73c9bb2
486,Luke Thomas,eng ENG,DF,Leicester City,20,2001,21.2,0.00,0.19,0.00,0.0,0.19,0.00,0.00,,18.6,0.00,0.00,0.00,0.01,0.01,0.05,-0.01,-0.01,Matches,fc027d02
487,Dominic Thompson,eng ENG,DF,Brentford,21,2000,1.6,0.00,0.63,0.00,0.0,0.62,0.00,0.00,,18.0,0.00,0.00,0.00,0.00,0.00,0.02,0.00,0.00,Matches,235a62f8
488,Youri Tielemans,be BEL,MF,Leicester City,24,1997,29.2,0.21,1.95,0.51,26.3,1.95,0.51,0.07,0.27,24.4,0.00,0.07,0.07,0.16,0.11,0.06,0.05,0.03,Matches,56f7a928
489,Kieran Tierney,sct SCO,DF,Arsenal,24,1997,21.3,0.05,0.70,0.23,33.3,0.70,0.23,0.07,0.20,21.2,0.00,0.00,0.00,0.03,0.03,0.05,0.01,0.01,Matches,fce2302c
490,Takehiro Tomiyasu,jp JPN,DF,Arsenal,22,1998,18.7,0.00,0.59,0.11,18.2,0.59,0.11,0.00,0.00,16.1,0.00,0.00,0.00,0.04,0.04,0.08,-0.04,-0.04,Matches,b3af9be1
491,James Tomkins,eng ENG,DF,Crystal Palace,32,1989,6.1,0.16,0.66,0.33,50.0,0.66,0.33,0.25,0.50,12.0,0.00,0.00,0.00,0.10,0.10,0.14,0.07,0.07,Matches,e7ca0439
492,Ivan Toney,eng ENG,FW,Brentford,25,1996,32.3,0.37,2.57,0.74,28.9,2.57,0.74,0.08,0.29,15.1,0.00,0.15,0.15,0.37,0.25,0.10,0.00,-0.04,Matches,e09f279b
493,Ferrán Torres,es ESP,FW,Manchester City,21,2000,3.4,0.59,3.82,1.18,30.8,3.86,1.19,0.15,0.50,14.1,0.00,0.00,0.00,0.74,0.74,0.19,-0.15,-0.15,Matches,9e1035f8
494,Cenk Tosun,tr TUR,FW,Everton,30,1991,0.1,0.00,0.00,0.00,,0.00,0.00,,,,0.00,0.00,0.00,0.00,0.00,,0.00,0.00,Matches,9a104dee
495,Andros Townsend,eng ENG,MF,Everton,30,1991,16.2,0.19,1.23,0.56,45.0,1.24,0.56,0.10,0.22,21.2,0.25,0.06,0.06,0.14,0.09,0.07,0.04,0.03,Matches,b28bbd58
496,Adama Traoré,es ESP,FW,Wolves,25,1996,11.9,0.08,1.93,0.50,26.1,1.94,0.51,0.04,0.17,18.9,0.00,0.00,0.00,0.20,0.20,0.11,-0.12,-0.12,Matches,9a28eba4
497,Bertrand Traoré,bf BFA,MFFW,Aston Villa,25,1995,2.4,0.00,3.33,0.42,12.5,3.27,0.41,0.00,0.00,16.8,0.00,0.00,0.00,0.13,0.13,0.04,-0.13,-0.13,Matches,c47541e0
498,Trézéguet,eg EGY,FW,Aston Villa,26,1994,0.1,0.00,10.0,0.00,0.0,8.18,0.00,0.00,,21.0,0.00,0.00,0.00,1.00,1.00,0.06,-1.00,-1.00,Matches,3ae14ed1
499,Francisco Trincão,pt POR,FWMF,Wolves,21,1999,14.8,0.14,02.09,0.88,41.9,02.09,0.88,0.06,0.15,18.0,0.07,0.00,0.00,0.23,0.23,0.11,-0.09,-0.09,Matches,77e39b04
500,Kieran Trippier,eng ENG,DF,Newcastle Utd,30,1990,4.8,0.42,0.42,0.42,100.0,0.42,0.42,1.00,1.00,23.2,0.42,0.00,0.00,0.02,0.02,0.06,0.40,0.40,Matches,21512407
501,William Troost-Ekong,ng NGA,DF,Watford,27,1993,15.4,0.00,0.13,0.00,0.0,0.13,0.00,0.00,,21.8,0.00,0.00,0.00,0.01,0.01,0.05,-0.01,-0.01,Matches,7ed4921e
502,Leandro Trossard,be BEL,FWMF,Brighton,26,1994,31.2,0.26,2.31,0.83,36.1,2.31,0.83,0.10,0.27,18.1,0.16,0.03,0.03,0.22,0.19,0.08,0.04,0.03,Matches,38ceb24a
503,Kostas Tsimikas,gr GRE,DF,Liverpool,25,1996,9.7,0.00,0.82,0.21,25.0,0.82,0.21,0.00,0.00,17.1,0.00,0.00,0.00,0.05,0.05,0.07,-0.05,-0.05,Matches,f315ca93
504,Axel Tuanzebe,eng ENG,DF,Aston Villa,23,1997,5.6,0.00,0.36,0.18,50.0,0.35,0.18,0.00,0.00,7.0,0.00,0.00,0.00,0.04,0.04,0.09,-0.04,-0.04,Matches,2baec6ce
505,Ozan Tufan,tr TUR,MF,Watford,26,1995,3.7,0.00,0.81,0.00,0.0,0.81,0.00,0.00,,17.9,0.00,0.00,0.00,0.14,0.14,0.17,-0.14,-0.14,Matches,17d45fb2
506,Christos Tzolis,gr GRE,FWMF,Norwich City,19,2002,3.7,0.00,1.62,0.54,33.3,1.61,0.54,0.00,0.00,18.9,0.00,0.00,0.00,0.14,0.14,0.08,-0.14,-0.14,Matches,9f333379
507,Yan Valery,fr FRA,DF,Southampton,22,1999,4.1,0.00,0.49,0.00,0.0,0.49,0.00,0.00,,28.3,0.00,0.00,0.00,0.00,0.00,0.02,0.00,0.00,Matches,531a4aa8
508,Raphaël Varane,fr FRA,DF,Manchester Utd,28,1993,20.3,0.05,0.44,0.05,11.1,0.44,0.05,0.11,1.00,8.3,0.00,0.00,0.00,0.04,0.04,0.09,0.01,0.01,Matches,9f8e9423
509,Jamie Vardy,eng ENG,FW,Leicester City,34,1987,20.1,0.75,2.64,1.24,47.2,2.64,1.25,0.28,0.60,12.1,0.00,0.00,0.00,0.47,0.47,0.18,0.27,0.27,Matches,45963054
510,Joël Veltman,nl NED,DF,Brighton,29,1992,31.9,0.03,0.38,0.06,16.7,0.38,0.06,0.08,0.50,16.6,0.00,0.00,0.00,0.03,0.03,0.07,0.00,0.00,Matches,dad4b285
511,Jannik Vestergaard,dk DEN,DF,Leicester City,28,1992,6.3,0.00,0.16,0.00,0.0,0.16,0.00,0.00,,4.1,0.00,0.00,0.00,0.02,0.02,0.06,-0.02,-0.02,Matches,1900032e
512,Nikola Vlašić,hr CRO,FWMF,West Ham,23,1997,6.2,0.16,1.13,0.48,42.9,1.13,0.48,0.14,0.33,17.6,0.00,0.00,0.00,0.16,0.16,0.14,0.00,0.00,Matches,aa8e289e
513,Matěj Vydra,cz CZE,FW,Burnley,29,1992,7.5,0.27,2.53,0.93,36.8,2.52,0.93,0.11,0.29,14.3,0.00,0.00,0.00,0.40,0.40,0.16,-0.13,-0.13,Matches,0d4ceb32
514,Theo Walcott,eng ENG,MFFW,Southampton,32,1989,4.2,0.00,1.43,0.00,0.0,1.42,0.00,0.00,,15.9,0.00,0.00,0.00,0.17,0.17,0.12,-0.17,-0.17,Matches,1ecb65be
515,Kyle Walker,eng ENG,DF,Manchester City,31,1990,19.5,0.00,0.41,0.10,25.0,0.41,0.10,0.00,0.00,23.5,0.05,0.00,0.00,0.02,0.02,0.03,-0.02,-0.02,Matches,86dd77d1
516,Kyle Walker-Peters,eng ENG,DF,Southampton,24,1997,29.3,0.03,0.92,0.24,25.9,0.92,0.24,0.04,0.14,19.2,0.00,0.00,0.00,0.03,0.03,0.04,0.00,0.00,Matches,984a5a64
517,Aaron Wan-Bissaka,eng ENG,DF,Manchester Utd,23,1997,19.9,0.00,0.25,0.05,20.0,0.25,0.05,0.00,0.00,13.5,0.00,0.00,0.00,0.01,0.01,0.04,-0.01,-0.01,Matches,9e525177
518,Danny Ward,wls WAL,GK,Leicester City,28,1993,1.0,0.00,0.00,0.00,,0.00,0.00,,,,0.00,0.00,0.00,0.00,0.00,,0.00,0.00,Matches,d3ce0e89
519,Joel Ward,eng ENG,DF,Crystal Palace,31,1989,27.6,0.00,0.36,0.04,10.0,0.36,0.04,0.00,0.00,19.6,0.00,0.00,0.00,0.01,0.01,0.04,-0.01,-0.01,Matches,8a7ff278
520,James Ward-Prowse,eng ENG,MF,Southampton,26,1994,35.7,0.28,1.43,0.56,39.2,1.43,0.56,0.12,0.30,26.7,0.64,0.11,0.11,0.15,0.06,0.05,0.13,0.10,Matches,3515d404
521,Ollie Watkins,eng ENG,FW,Aston Villa,25,1995,32.8,0.34,2.35,0.95,40.3,2.35,0.95,0.13,0.32,13.5,0.00,0.03,0.03,0.37,0.35,0.15,-0.04,-0.04,Matches,aed3a70f
522,Adam Webster,eng ENG,DF,Brighton,26,1995,15.9,0.13,0.57,0.13,22.2,0.56,0.13,0.22,1.00,9.2,0.00,0.00,0.00,0.07,0.07,0.16,0.06,0.06,Matches,c40b6180
523,Wout Weghorst,nl NED,FW,Burnley,28,1992,16.1,0.12,1.86,0.43,23.3,1.86,0.43,0.07,0.29,13.6,0.00,0.00,0.00,0.26,0.26,0.14,-0.14,-0.14,Matches,c4e87b8b
524,Danny Welbeck,eng ENG,FW,Brighton,30,1990,16.4,0.37,2.62,1.22,46.5,2.62,1.22,0.14,0.30,12.3,0.00,0.00,0.00,0.37,0.37,0.15,-0.01,-0.01,Matches,ce5143da
525,Timo Werner,de GER,FWMF,Chelsea,25,1996,14.3,0.28,3.15,1.12,35.6,3.16,1.12,0.09,0.25,13.1,0.00,0.00,0.00,0.53,0.53,0.17,-0.25,-0.25,Matches,49fe9070
526,Ashley Westwood,eng ENG,MF,Burnley,31,1990,25.4,0.00,0.55,0.04,7.1,0.55,0.04,0.00,0.00,20.0,0.00,0.00,0.00,0.03,0.03,0.05,-0.03,-0.03,Matches,495945ef
527,Ben White,eng ENG,DF,Arsenal,23,1997,32.0,0.00,0.38,0.09,25.0,0.37,0.09,0.00,0.00,14.1,0.00,0.00,0.00,0.03,0.03,0.08,-0.03,-0.03,Matches,35e413f1
528,Brandon Williams,eng ENG,DF,Norwich City,20,2000,23.6,0.00,0.17,0.04,25.0,0.17,0.04,0.00,0.00,20.2,0.00,0.00,0.00,0.01,0.01,0.05,-0.01,-0.01,Matches,5e74d6c8
529,Neco Williams,wls WAL,DF,Liverpool,20,2001,0.1,0.00,0.00,0.00,,0.00,0.00,,,,0.00,0.00,0.00,0.00,0.00,,0.00,0.00,Matches,dd323728
530,Joe Willock,eng ENG,MF,Newcastle Utd,21,1999,22.6,0.09,1.50,0.44,29.4,1.50,0.44,0.06,0.20,16.1,0.00,0.00,0.00,0.16,0.16,0.11,-0.07,-0.07,Matches,a3b03921
531,Callum Wilson,eng ENG,FW,Newcastle Utd,29,1992,15.4,0.52,02.08,0.78,37.5,02.08,0.78,0.19,0.50,13.4,0.00,0.13,0.13,0.42,0.32,0.15,0.10,0.06,Matches,c596fcb0
532,Harry Winks,eng ENG,MF,Tottenham,25,1996,10.1,0.00,0.30,0.10,33.3,0.30,0.10,0.00,0.00,24.2,0.00,0.00,0.00,0.01,0.01,0.04,-0.01,-0.01,Matches,2f7acede
533,Yoane Wissa,cd COD,FWMF,Brentford,24,1996,14.3,0.49,2.31,0.91,39.4,2.31,0.91,0.21,0.54,15.4,0.00,0.00,0.00,0.26,0.26,0.11,0.23,0.23,Matches,2500cef9
534,Chris Wood,nz NZL,FW,Burnley,29,1991,15.2,0.20,02.04,0.66,32.3,02.04,0.66,0.10,0.30,11.8,0.00,0.00,0.00,0.30,0.30,0.14,-0.10,-0.10,Matches,4e9a0555
535,Chris Wood,nz NZL,FW,Newcastle Utd,29,1991,14.7,0.14,1.36,0.41,30.0,1.36,0.41,0.05,0.17,10.9,0.00,0.07,0.07,0.20,0.14,0.10,-0.06,-0.07,Matches,4e9a0555
536,Freddie Woodman,eng ENG,GK,Newcastle Utd,24,1997,4.0,0.00,0.00,0.00,,0.00,0.00,,,,0.00,0.00,0.00,0.00,0.00,,0.00,0.00,Matches,19e50035
537,Granit Xhaka,ch SUI,MFDF,Arsenal,28,1992,25.9,0.04,01.04,0.19,18.5,01.04,0.19,0.04,0.20,22.8,0.04,0.00,0.00,0.05,0.05,0.05,-0.01,-0.01,Matches,e61b8aee
538,Andriy Yarmolenko,ua UKR,FW,West Ham,31,1989,3.5,0.29,3.14,1.43,45.5,3.13,1.42,0.09,0.20,14.9,0.00,0.00,0.00,0.23,0.23,0.08,0.06,0.06,Matches,849c826a
539,Ashley Young,eng ENG,DFFW,Aston Villa,36,1985,13.9,0.00,0.72,0.22,30.0,0.72,0.22,0.00,0.00,21.1,0.07,0.00,0.00,0.03,0.03,0.04,-0.03,-0.03,Matches,be927d03
540,Nathan Young-Coombes,eng ENG,FW,Brentford,18,2003,0.0,0,0,0,,0.00,0.00,,,,0,0,0,0.0,0.0,,0.0,0.0,Matches,f9682888
541,Wilfried Zaha,ci CIV,FW,Crystal Palace,28,1992,30.7,0.46,02.02,0.85,41.9,02.02,0.85,0.15,0.35,18.5,0.00,0.16,0.23,0.31,0.13,0.06,0.15,0.16,Matches,b2bc3b1f
542,Christoph Zimmermann,de GER,DF,Norwich City,28,1993,1.7,0.00,1.18,0.59,50.0,1.15,0.57,0.00,0.00,18.0,0.00,0.00,0.00,0.06,0.06,0.03,-0.06,-0.06,Matches,2d5f03bf
543,Oleksandr Zinchenko,ua UKR,DF,Manchester City,24,1996,11.6,0.00,01.03,0.34,33.3,01.03,0.34,0.00,0.00,21.7,0.00,0.00,0.00,0.03,0.03,0.04,-0.03,-0.03,Matches,51cf8561
544,Hakim Ziyech,ma MAR,FWMF,Chelsea,28,1993,14.7,0.27,3.61,1.29,35.8,3.62,1.30,0.08,0.21,20.7,0.20,0.00,0.00,0.23,0.23,0.06,0.04,0.04,Matches,6622454d
545,Kurt Zouma,fr FRA,DF,West Ham,26,1994,23.1,0.04,0.30,0.09,28.6,0.30,0.09,0.14,0.50,6.2,0.00,0.00,0.00,0.04,0.04,0.13,0.00,0.00,Matches,ce4246f5
546,Martin Ødegaard,no NOR,MF,Arsenal,22,1998,30.9,0.23,1.72,0.68,39.6,1.71,0.68,0.13,0.33,20.1,0.39,0.00,0.00,0.16,0.16,0.09,0.07,0.07,Matches,79300479